"","X4","X16","X20","X28","X40","X48"
"Otu634",4.39966562541247e-05,0.00012577561630052,4.155239757334e-05,0.000128628392573854,0.000132849171906828,4.06371911573472e-05
"Otu12",0.0217408972691808,0.0110871573760394,0.0176085862820728,0.0179506357516829,0.0175363375209021,0.0228057745106722
"Otu1",0.247232308918608,0.361914824447334,0.290377931277223,0.254360221365085,0.315216487991357,0.333533421944004
"Otu2",0.161514384941903,0.167478522717208,0.116384915474642,0.101236306040741,0.0992788864665437,0.111859054267431
"Otu5506",0.00024931438544004,0.00115765553316469,0.000398547515720485,0.000690832249674902,0.000439966562541247,0.000628878081502599
"Otu2559",0.00222203588797585,0.00141278151749356,0.00274407237490889,0.0029669648392525,0.00211313394018205,0.00197984953143561
"Otu495",0.00545558537551146,0.00448599698138521,0.0045707637330674,0.0032585859452043,0.00513683464706403,0.00471391417425228
"Otu10",0.0258858907672302,0.0421927933477056,0.0303119235284253,0.0199035984376299,0.0177507181751919,0.0285182889026658
"Otu112",0.0177575059782127,0.019668400520156,0.017642659157904,0.0134579909441556,0.0173689021856561,0.0139347425288342
"Otu34",0.0030870814217725,0.00172703923478877,0.00394180754226268,0.00351973250032997,0.00163508301190676,0.00349040139616056
"Otu261",0.00195296268594698,0.00145778844917035,0.00212558675050926,0.00422626788036411,0.00404769237537947,0.00176085862820728
"Otu2532",0.00800771423779977,0.00930773705642816,0.00904686361102774,0.00602249579310956,0.00455136540962289,0.00884332790707906
"Otu1512",0.00950327775089093,0.0178601375146738,0.0132136624283221,0.0107619088453458,0.0145248427951466,0.0119066970091027
"Otu2288",0.00109720416124837,0.00162787628140261,0.00171893342277377,0.00128812432477354,0.00145778844917035,0.00137277477637056
"Otu1264",8.85661146045523e-05,4.06371911573472e-05,4.39966562541247e-05,4.19252054335066e-05,4.155239757334e-05,4.28761308579514e-05
"Otu7",0.020280409895811,0.0397219024001417,0.0304372561768531,0.028597826565181,0.0304376991447258,0.0329510512756586
"Otu86",0.00340729660101388,0.00218668267375552,0.0038969090426003,0.00670513654096229,0.00607153856306921,0.00280898876404494
"Otu14",0.0199983229917827,0.02052688440123,0.0184367362689191,0.0149233903108671,0.0139791937581274,0.0235822077522108
"Otu23",0.0296977429715342,0.0242327687405668,0.0258455912906175,0.0215666938215495,0.0276769108139226,0.0296651495448635
"Otu60",0.00516092327698309,0.00206784284394386,0.00482139862485326,0.00585888805784094,0.00428761308579514,0.00681959082455053
"Otu1071",0.000221415286511381,0,8.79933125082494e-05,0.000335401643468053,0.00012465719272002,0.000257256785147708
"Otu1529",0.000214380654289757,0.000177132229209105,0.000121911573472042,0.000351973250032998,0.00025155123260104,0.0002077619878667
"Otu206",0.00157899110778692,0.000857522617159028,0.00208130369320698,0.00264141742522757,0.00197984953143561,0.00167700821734026
"Otu448",0.0163089049136341,0.00386437297432062,0.00180079749603396,0.00354264458418209,0.00381989596879064,0.0030357692815346
"Otu2655",0.000219983281270623,8.38504108670133e-05,4.155239757334e-05,4.28761308579514e-05,4.42830573022761e-05,0.000203185955786736
"Otu199",0.00121911573472042,0.000879933125082494,0.00117390575213819,0.00274245823984044,0.00282982463662479,0.00123992560446373
"Otu52",0.00261270038083429,0.00174739921976593,0.0028597826565181,0.00452792218681872,0.00315798221557384,0.00235818719718733
"Otu35",0.0187368691849248,0.0183774687804446,0.0176365409622887,0.0135949667825245,0.0156800268321315,0.0177844261613895
"Otu32",0.0260118008809108,0.0227243493547142,0.0244442476308564,0.0168237971391417,0.021162391658234,0.0275448599698139
"Otu13",0.0116552071105148,0.00673148840688108,0.00981863396647087,0.0163847312018422,0.0128819895968791,0.0112191473448018
"Otu562",0.0028597826565181,0.000964279724970652,0.0012465719272002,0.00132916005659649,0.00115135948985918,0.00134102730819246
"Otu1789",0.000325097529258778,0.000131989968762374,0.00025155123260104,0.0002077619878667,0.000128628392573854,0.000177132229209105
"Otu47",0.00345407846957754,0.0028446033810143,0.00404769237537947,0.00293476438034546,0.00261780104712042,0.00394460403893153
"Otu50",0.0109334133687776,0.00730670445487556,0.0101186605981795,0.0178186457829205,0.0176085862820728,0.00901687027341478
"Otu763",0.00016620959029336,0.000343009046863611,0.000221415286511381,0.000162548764629389,0.000131989968762374,0.000167700821734027
"Otu77",0.00423444574878417,0.00149588631264024,0.00330146207606226,0.00509255158976176,0.00227568270481144,0.00206784284394386
"Otu1814",0.00343173918782173,0.00624685560959249,0.0037397157816006,0.00248681558976118,0.00318838012576388,0.00394180754226268
"Otu1441",8.12743823146944e-05,4.39966562541247e-05,0.000167700821734027,8.310479514668e-05,8.57522617159028e-05,0
"Otu544",0.000885661146045523,0.000365734720416125,0.000791939812574244,0.000796578903236626,0.00078949555389346,0.000814646486301076
"Otu6826",0.000128628392573854,0.000309981401115933,4.06371911573472e-05,0.000131989968762374,8.38504108670133e-05,8.310479514668e-05
"Otu204",0.00078949555389346,0.000428761308579514,0.000398547515720485,0.00113784135240572,0.000703946500065995,0.000670803286936106
"Otu91",0.00700150930739561,0.0047785257209341,0.00630279123611885,0.00518111770436631,0.00471391417425228,0.00580755862554446
"Otu226",0.00127590303136962,0.00100620493040416,0.00211917227624034,0.000771770355443125,0.00106279337525463,0.00125975292587776
"Otu706",0.000447009102730819,0.000219983281270623,0.000586952876069093,0.00054018116845342,0.000385885177721562,0.000221415286511381
"Otu1062",0.00146134089097511,0.00162548764629389,0.00197984953143561,0.00109005534127117,0.0012465719272002,0.00188654975774986
"Otu7283",0.00716031385327788,0.00628819413692321,0.00646131339401821,0.00585155528179858,0.00549220191178937,0.00714701238261448
"Otu25",0.0043630017452007,0.00891823521845389,0.00805951642901426,0.00674577373211964,0.00831536803202957,0.00620493040415898
"Otu360",0.00167700821734026,0.00049862877088008,0.00154354071088625,0.00159419006288194,0.00125975292587776,0.00101192309384487
"Otu217",0.000879933125082494,0.00050310246520208,0.00120501952962686,0.00102902714059083,0.000974227260650075,0.00150357607282185
"Otu203",0.00207249674902471,0.00325575256280523,0.00301861479121248,0.00174520069808028,0.00192942588860781,0.00208130369320698
"Otu678",0.00119564254716146,0.00154421326397919,0.00140789300013199,0.00104813013583767,0.00078949555389346,0.00132916005659649
"Otu7141",0.00102902714059083,0.000442830573022761,0.00105656697009103,0.00105591975009899,0.000586952876069093,0.00095570514418682
"Otu121",0.004155239757334,0.00265832011319299,0.00349836152687982,0.00207249674902471,0.00281578600026398,0.0025155123260104
"Otu146",0.00109005534127117,0.0010388099393335,0.00154354071088625,0.00115135948985918,0.000975292587776333,0.00189185621892736
"Otu103",0.000967926437590743,0.000419252054335066,0.0008310479514668,0.0015006645800283,0.000885661146045523,0.00109720416124837
"Otu139",0.00377925877763329,0.00211183950019798,0.00427637095421768,0.00760408875592122,0.00660292415212451,0.00332122929767071
"Otu1915",0.000929944203347799,0.000609557867360208,0.000615953187557746,0.00243166191514338,0.00224382946896036,0.000471637439437465
"Otu859",0.000343009046863611,4.42830573022761e-05,0.000325097529258778,0.000923929781336618,0.000545027670635586,0.00033241918058672
"Otu281",0.00070639075874678,0.00107190327144878,0.000309981401115933,0.000609557867360208,0.000527959875049496,0.00050310246520208
"Otu1121",0,0.00012465719272002,0.000128628392573854,0.000221415286511381,0.000203185955786736,0.000263979937524748
"Otu351",0.000395969906287122,0.00012577561630052,0.0004155239757334,0.000385885177721562,0.000221415286511381,0.000365734720416125
"Otu20",0.00658322496749025,0.00655550178186458,0.00784001341606574,0.0600847668910496,0.0373451099772757,0.00628819413692321
"Otu6881",0.0038969090426003,0.00556729518855657,0.00365172246909235,0.00322824081838001,0.0043630017452007,0.00330146207606226
"Otu171",0.0015006645800283,0.00128420866176601,0.00170676202860858,0.00118790971886137,0.00129968136843871,0.00141278151749356
"Otu453",0.00108036233690684,0.000343009046863611,0.00106279337525463,0.00109720416124837,0.000791939812574244,0.0012577561630052
"Otu514",0.000545027670635586,0.00070639075874678,0.000471637439437465,0.000531396687627314,0.000853381014304291,0.000175986625016499
"Otu387",0.00246381275023098,0.000922354519537146,0.00224382946896036,0.00218668267375552,0.00212558675050926,0.00142230169050715
"Otu1050",0.00073146944083225,0.000395969906287122,0.000586952876069093,0.00029086678301338,0.000343009046863611,0.000487113630325038
"Otu1403",0.000619962802231866,4.06371911573472e-05,0.000439966562541247,0.000419252054335066,0.00037397157816006,0.000171504523431806
"Otu138",0.00145778844917035,0.00154990700557967,0.0013816644993498,0.00123190637511549,0.0012577561630052,0.00091415274661348
"Otu720",0.00029086678301338,0.000171504523431806,0.000354264458418209,0.000690832249674902,0.00123190637511549,0.000461177259768573
"Otu5719",0.00117390575213819,0.00170364830050694,0.00192942588860781,0.00212558675050926,0.00235695708712614,0.00241981609397686
"Otu82",0.00233182278146861,0.00180278383364078,0.00274245823984044,0.0101616430133345,0.0138163138783102,0.00199122236671001
"Otu339",0.00101592977893368,0.00074794315632012,0.00159315780647325,0.00157899110778692,0.00145778844917035,0.000885661146045523
"Otu7201",0.000221415286511381,8.12743823146944e-05,0.000219983281270623,0.000167700821734027,0.0002077619878667,0.000171504523431806
"Otu280",0.00252969172061913,0.00363121069878664,0.00219440832249675,0.00237581943772273,0.00222203588797585,0.00220227707138702
"Otu570",0.00016620959029336,0,0.000177132229209105,0.000325097529258778,0.00065994984381187,0.00025155123260104
"Otu65",0.00171893342277377,0.00162054350536026,0.0015864168417442,0.00137277477637056,0.00113784135240572,0.00180386290641911
"Otu298",0.00140789300013199,0.000335401643468053,0.00132967672234688,0.00102902714059083,0.00132849171906828,0.00125975292587776
"Otu221",0.00150357607282185,0.000879933125082494,0.00184470903907429,0.00511094490152082,0.00270119624405094,0.00141705783367284
"Otu1049",0,4.06371911573472e-05,0.000263979937524748,8.38504108670133e-05,0.00012465719272002,8.57522617159028e-05
"Otu18",0.0076748274235733,0.00478257018864582,0.00954973992197659,0.00884332790707906,0.00469562300855274,0.00880910828554808
"Otu510",0,4.28761308579514e-05,0.000221415286511381,0.00028446033810143,0.000131989968762374,0.00012577561630052
"Otu837",0.000167700821734027,0.00012465719272002,0.000171504523431806,0.000132849171906828,0,8.79933125082494e-05
"Otu964",4.39966562541247e-05,4.19252054335066e-05,0.00016620959029336,8.57522617159028e-05,4.42830573022761e-05,0.000162548764629389
"Otu57",0.00463263979193758,0.00404769237537947,0.0050310246520208,0.00390592537189396,0.00411610856236333,0.00597821273580728
"Otu205",0.00168275617748649,0.00073146944083225,0.00127590303136962,0.00197048465537481,0.00232693426410704,0.0015006645800283
"Otu408",0.000728894224585173,0.000929944203347799,0.000568920676202861,0.000703946500065995,0.000586952876069093,0.00058173356602676
"Otu889",0.00012465719272002,0,0.000132849171906828,8.12743823146944e-05,4.39966562541247e-05,8.38504108670133e-05
"Otu192",0.00293476438034546,0.0018698578908003,0.0030013291600566,0.00584536356390045,0.00516092327698309,0.00255180606273923
"Otu676",0.00114391306260724,0.000880429314103639,0.0006232859636001,0.000600265832011319,0.000531396687627314,0.000934655396618986
"Otu649",0.000690832249674902,0.000307976593778873,0.000545027670635586,0.00108036233690684,0.00128628392573854,0.000797095031440971
"Otu315",0.000708528916836418,0.000568920676202861,0.000571956531303621,8.38504108670133e-05,0.0010388099393335,0.000643141962869271
"Otu330",0.000471637439437465,0.000221415286511381,0.000365734720416125,0.000131989968762374,0.000167700821734027,0.00024931438544004
"Otu1136",0.0006232859636001,0.000385885177721562,0.000265698343813657,0.00073146944083225,0.000615953187557746,0.000167700821734027
"Otu382",0.000712728492369613,0.0004155239757334,0.000471637439437465,0.00101851031795235,0.000528283485045514,0.000571956531303621
"Otu6454",8.79933125082494e-05,0,0.00012465719272002,0.000128628392573854,4.42830573022761e-05,8.12743823146944e-05
"Otu383",0.000934655396618986,0.00074794315632012,0.000796578903236626,0.00216072467381368,0.00227243493547142,0.000664245859534142
"Otu177",0.000664245859534142,0.000162548764629389,0.00127590303136962,0.00100620493040416,0.00153743871021358,0.000900398748016979
"Otu521",0.000471637439437465,0.000221415286511381,0.000853381014304291,0.000703946500065995,0.000545027670635586,0.00066483836117344
"Otu727",0.00074794315632012,0.000428761308579514,0.000398547515720485,0.00142230169050715,0.00118790971886137,0.000586952876069093
"Otu487",0.000880429314103639,0.0002077619878667,0.000986151009732882,0.00132849171906828,0.000568920676202861,0.00109991640635312
"Otu6046",0.00202384618768974,0.00171893342277377,0.00182830549322696,0.00403035630064743,0.00309981401115933,0.00170676202860858
"Otu689",0.00101592977893368,0.000835936468828369,0.00134160657387221,0.00058173356602676,0.00094327487887493,0.00106279337525463
"Otu610",0.00106279337525463,0.000568920676202861,0.00065994984381187,0.000167700821734027,0.00070639075874678,0.00111477940230674
"Otu250",0.00102902714059083,0.000265698343813657,0.000690832249674902,0.00101192309384487,0.00113198054670468,0.0010388099393335
"Otu930",4.155239757334e-05,4.28761308579514e-05,4.42830573022761e-05,0.000528283485045514,0.000571956531303621,4.19252054335066e-05
"Otu438",0.0019285594499413,0.00137122911992022,0.00180079749603396,0.0038969090426003,0.00264141742522757,0.00202384618768974
"Otu153",0.000571956531303621,0.00050310246520208,0.00049862877088008,0.000214380654289757,0.000354264458418209,0.000609557867360208
"Otu652",8.12743823146944e-05,0.000395969906287122,0.000167700821734027,8.310479514668e-05,8.57522617159028e-05,0.000177132229209105
"Otu3038",0.000132849171906828,4.06371911573472e-05,0.000219983281270623,0.000209626027167533,0.00033241918058672,0.000171504523431806
"Otu348",0.00124340779488059,0.00163847312018422,0.00130039011703511,0.00105591975009899,0.0012577561630052,0.0012465719272002
"Otu183",0.00066483836117344,0.000857522617159028,0.000752811974138695,0.000609557867360208,0.000703946500065995,0.000922354519537146
"Otu269",0.00159315780647325,0.00108036233690684,0.00154354071088625,0.00101851031795235,0.000853381014304291,0.00162787628140261
"Otu1291",4.39966562541247e-05,8.38504108670133e-05,4.155239757334e-05,4.28761308579514e-05,4.42830573022761e-05,0
"Otu127",0.00105656697009103,0.00171586959391086,0.0018866342445078,0.00149588631264024,0.00107190327144878,0.00163847312018422
"Otu672",0.000177132229209105,8.12743823146944e-05,0.000351973250032998,0.00050310246520208,0.0002077619878667,0.000343009046863611
"Otu1019",0.00278694850576684,0.00416260738641396,0.0036167100130039,0.00378371243785472,0.00389904410531612,0.00336574420344054
"Otu415",0.00033241918058672,0.000385885177721562,0.000309981401115933,0.000894018205461638,0.000571956531303621,0.00037732684890156
"Otu363",0.000922354519537146,0.0002077619878667,0.000428761308579514,0.00146134089097511,0.000934655396618986,0.000571956531303621
"Otu2370",4.39966562541247e-05,4.19252054335066e-05,0.00012465719272002,8.57522617159028e-05,4.42830573022761e-05,0.000121911573472042
"Otu1361",0.000203185955786736,4.39966562541247e-05,0.00050310246520208,0.00033241918058672,0.000171504523431806,0.000309981401115933
"Otu1308",4.42830573022761e-05,0.000243823146944083,0.000175986625016499,0.00025155123260104,0.0002077619878667,0.000257256785147708
"Otu1422",0.000257256785147708,0,0.000162548764629389,0.000351973250032998,0.00012577561630052,0.00033241918058672
"Otu1707",0.00078949555389346,0.00102902714059083,0.00146134089097511,0.00170676202860858,0.00184785956267324,0.00104813013583767
"Otu100",0.00423444574878417,0.00195296268594698,0.00347296659949406,0.00473828713134355,0.00390117035110533,0.00426767565665009
"Otu2617",0.00114391306260724,0.00167700821734026,0.00108036233690684,0.00107190327144878,0.00119564254716146,0.000934655396618986
"Otu2236",4.06371911573472e-05,4.39966562541247e-05,8.38504108670133e-05,0,4.28761308579514e-05,4.42830573022761e-05
"Otu241",0.000487113630325038,0.00028446033810143,0.000351973250032998,0.00050310246520208,0.00037397157816006,0.000428761308579514
"Otu58",0.0030013291600566,0.00380834292799575,0.00296651495448635,0.0030357692815346,0.00373134328358209,0.00403058256461398
"Otu7049",0.00012465719272002,0,0.000132849171906828,8.12743823146944e-05,0.000131989968762374,4.19252054335066e-05
"Otu88",0.0044440717759517,0.00099725754176016,0.00137203618745444,0.00677530776724825,0.00642067620286086,0.00699546834440583
"Otu131",0.00624752518808571,0.00515680026832131,0.00527715449181418,0.00364447112292587,0.00323266318306616,0.00556729518855657
"Otu523",0.000325097529258778,0.000307976593778873,0.000293476438034546,0.00024931438544004,0.000343009046863611,0.000708528916836418
"Otu110",0.00518111770436631,0.00337288686605982,0.00602754190681508,0.00322824081838001,0.00369816338402726,0.00445911760922694
"Otu713",0.000643141962869271,0.000221415286511381,0.000406371911573472,0,0.00025155123260104,0.00037397157816006
"Otu1481",0.00029086678301338,0.000128628392573854,4.42830573022761e-05,0.00028446033810143,0.000307976593778873,0.00012577561630052
"Otu635",0.00025155123260104,0.0002077619878667,0.000128628392573854,0.000132849171906828,0.000162548764629389,0.000263979937524748
"Otu948",0.000175986625016499,0,0.00012465719272002,0.000171504523431806,0.000177132229209105,0.000203185955786736
"Otu361",0.000568920676202861,0.000527959875049496,0.000461177259768573,0.00033241918058672,0.000900398748016979,0.000309981401115933
"Otu2037",0.00181560534939332,0.002925877763329,0.00237581943772273,0.00163508301190676,0.00162054350536026,0.00244393945890323
"Otu359",0.000214380654289757,0.000354264458418209,0.000162548764629389,0.00065994984381187,0.000461177259768573,0.00054018116845342
"Otu1228",4.155239757334e-05,0,0.000132849171906828,4.06371911573472e-05,8.79933125082494e-05,8.38504108670133e-05
"Otu736",8.38504108670133e-05,0.00029086678301338,8.57522617159028e-05,0.000132849171906828,0.000121911573472042,8.79933125082494e-05
"Otu74",0.0032117559065511,0.00167700821734026,0.00315798221557384,0.00381597564635767,0.00327694624036843,0.00321033810143043
"Otu356",0.000894018205461638,0.000791939812574244,0.00197048465537481,0.00257624864954708,0.00227243493547142,0.00159419006288194
"Otu2342",0.000221415286511381,0,8.79933125082494e-05,0.00012577561630052,4.155239757334e-05,8.57522617159028e-05
"Otu469",0,4.42830573022761e-05,0.000243823146944083,0.000131989968762374,0.000293476438034546,0.00024931438544004
"Otu974",0.00016620959029336,4.28761308579514e-05,0.000177132229209105,0.00028446033810143,8.79933125082494e-05,0
"Otu921",0.000880429314103639,0.00070639075874678,0.000643141962869271,0.000752811974138695,0.000650195058517555,0.000703946500065995
"Otu1555",0.000131989968762374,4.19252054335066e-05,4.155239757334e-05,4.28761308579514e-05,8.85661146045523e-05,8.12743823146944e-05
"Otu24",0.00516092327698309,0.00413568568788772,0.00549220191178937,0.00739632676805452,0.00643141962869271,0.004649721016739
"Otu1167",4.42830573022761e-05,0,8.79933125082494e-05,4.19252054335066e-05,0.0002077619878667,8.57522617159028e-05
"Otu1233",0.000214380654289757,0.000309981401115933,0.000121911573472042,0.000263979937524748,4.19252054335066e-05,0
"Otu338",0.00112191473448018,0.00137203618745444,0.00123992560446373,0.00105656697009103,0.00105591975009899,0.00113198054670468
"Otu539",0.000461177259768573,0.0002077619878667,0.000257256785147708,0.000797095031440971,0.000487646293888166,0.000263979937524748
"Otu227",0.00219983281270623,0.0025155123260104,0.00203606748109366,0.00197230201946576,0.00199273757860243,0.00239759427828349
"Otu1989",8.12743823146944e-05,0,4.19252054335066e-05,8.310479514668e-05,4.28761308579514e-05,0.000132849171906828
"Otu804",8.85661146045523e-05,4.06371911573472e-05,0.000131989968762374,0.000754653697803119,0.00058173356602676,0.000214380654289757
"Otu1321",4.28761308579514e-05,0,4.06371911573472e-05,4.39966562541247e-05,8.38504108670133e-05,4.155239757334e-05
"Otu2603",0.0002077619878667,0,0.000177132229209105,0.000203185955786736,0.000307976593778873,0.00025155123260104
"Otu1243",0.000461177259768573,0.00120501952962686,0.000857522617159028,0.00057567974492959,0.000894018205461638,0.00074794315632012
"Otu465",0.000571956531303621,0.00037732684890156,0.00058173356602676,0.00115765553316469,0.00137277477637056,0.000528283485045514
"Otu1205",0.000365734720416125,0.000351973250032998,0.00012577561630052,0.00087260034904014,0.000514513570295417,0.000354264458418209
"Otu2903",4.42830573022761e-05,4.06371911573472e-05,4.39966562541247e-05,4.19252054335066e-05,0,8.57522617159028e-05
"Otu567",0.000128628392573854,4.42830573022761e-05,0.000243823146944083,0.000351973250032998,8.38504108670133e-05,0.0002077619878667
"Otu1641",8.310479514668e-05,0.000214380654289757,8.85661146045523e-05,0.000121911573472042,8.79933125082494e-05,0.00012577561630052
"Otu902",4.19252054335066e-05,0,8.57522617159028e-05,0.000177132229209105,8.12743823146944e-05,0.000175986625016499
"Otu117",0.00263979937524748,0.00431829615965118,0.00365661098645392,0.00192942588860781,0.00225843592241608,0.00231631989596879
"Otu5560",0.000772106631989597,0.000571956531303621,0.000796578903236626,0.00029086678301338,0.000343009046863611,0.000885661146045523
"Otu279",0.00283411566734567,0.000975292587776333,0.00241981609397686,0.00310246520207949,0.00261780104712042,0.00227243493547142
"Otu353",0.000128628392573854,0.000309981401115933,0.000162548764629389,8.79933125082494e-05,0.000167700821734027,0.0002077619878667
"Otu2213",0.00037397157816006,0,0.000177132229209105,0.000325097529258778,0.000527959875049496,0.00050310246520208
"Otu2062",0.000167700821734027,0,4.28761308579514e-05,0.000221415286511381,0.00028446033810143,0.000131989968762374
"Otu882",0.000483963218795372,0.000545027670635586,0.00033241918058672,0.00030013291600566,0.000531396687627314,0.000365734720416125
"Otu4531",8.12743823146944e-05,4.39966562541247e-05,0.00025155123260104,0.00066483836117344,0.000428761308579514,0.000265698343813657
"Otu220",0.00057567974492959,0.000650195058517555,0.000923929781336618,0.000293476438034546,0.00029086678301338,0.000428761308579514
"Otu6403",0.00094327487887493,0.0020370206359047,0.00117847854356307,0.00167187293765674,0.00104813013583767,0.0018698578908003
"Otu2274",0.00012465719272002,0.000128628392573854,0.000177132229209105,0.000121911573472042,0.000131989968762374,0.000461177259768573
"Otu90",0.00247358712057689,0.00095570514418682,0.00205805428118167,0.00247985120892746,0.00203185955786736,0.00241981609397686
"Otu262",0.00065994984381187,0.000209626027167533,0.00037397157816006,0.00107190327144878,0.000708528916836418,0.000690832249674902
"Otu291",0.00101592977893368,0.000835936468828369,0.00117390575213819,0.00203606748109366,0.00205805428118167,0.00146134089097511
"Otu1011",0.000132849171906828,8.12743823146944e-05,0.000175986625016499,0.000209626027167533,0.0002077619878667,0.000128628392573854
"Otu5083",0.00120053166402264,0.000398547515720485,0.000853381014304291,0.00184785956267324,0.000922354519537146,0.00074794315632012
"Otu3011",0.00016620959029336,0,0.000309981401115933,0.000162548764629389,8.79933125082494e-05,0.000293476438034546
"Otu427",0.000167700821734027,0,0.000128628392573854,8.85661146045523e-05,0.000121911573472042,8.79933125082494e-05
"Otu2611",4.39966562541247e-05,0,0.00012465719272002,4.28761308579514e-05,4.42830573022761e-05,4.06371911573472e-05
"Otu309",0.000934655396618986,0.00140789300013199,0.000461177259768573,0.0004155239757334,0.000728894224585173,0.00057567974492959
"Otu4383",4.42830573022761e-05,0,0.000131989968762374,0.00012577561630052,0.00012465719272002,4.28761308579514e-05
"Otu313",0.00115765553316469,0.000619962802231866,0.00109720416124837,0.00193585287518149,0.00171893342277377,0.00091415274661348
"Otu5218",4.155239757334e-05,8.57522617159028e-05,4.42830573022761e-05,8.12743823146944e-05,4.39966562541247e-05,4.19252054335066e-05
"Otu1645",0.00012577561630052,4.155239757334e-05,0.000128628392573854,0.000132849171906828,0.000162548764629389,0.000131989968762374
"Otu1255",0.000439966562541247,0.000167700821734027,4.155239757334e-05,0.000343009046863611,0.000354264458418209,0.000121911573472042
"Otu6657",0.00028446033810143,0.000351973250032998,0.000545027670635586,0.00070639075874678,0.000686018093727222,0.000442830573022761
"Otu1964",4.42830573022761e-05,4.06371911573472e-05,4.39966562541247e-05,0.00012577561630052,0.00012465719272002,0
"Otu1013",0.000214380654289757,0,0.000243823146944083,0.000131989968762374,0.00025155123260104,0.00016620959029336
"Otu1022",0.00012465719272002,4.28761308579514e-05,0.000177132229209105,0.000121911573472042,0,0.000167700821734027
"Otu753",0.00037732684890156,4.155239757334e-05,8.57522617159028e-05,0,0.000121911573472042,0.000131989968762374
"Otu798",0.000483963218795372,0.000293476438034546,0.00012465719272002,0.000471637439437465,0.000442830573022761,0.000325097529258778
"Otu1229",4.06371911573472e-05,4.39966562541247e-05,0.000293476438034546,0.0002077619878667,0.000214380654289757,0.000309981401115933
"Otu185",0.000619962802231866,0.000325097529258778,0.000967926437590743,0.00104813013583767,0.0006232859636001,0.00111477940230674
"Otu750",4.28761308579514e-05,0.000398547515720485,8.12743823146944e-05,0.000175986625016499,8.38504108670133e-05,0.00012465719272002
"Otu1118",8.310479514668e-05,4.28761308579514e-05,0.000132849171906828,0.000162548764629389,0.000175986625016499,8.38504108670133e-05
"Otu104",0.00129968136843871,0.0010388099393335,0.000900398748016979,0.000708528916836418,0.000650195058517555,0.00118790971886137
"Otu43",0.00532359540674909,0.00243166191514338,0.00403058256461398,0.00651717189040861,0.00646532636613232,0.00442945383615085
"Otu1482",0.000162548764629389,0.000219983281270623,0.00012577561630052,0.0002077619878667,4.28761308579514e-05,0
"Otu19",0.00442830573022761,0.00231631989596879,0.0033877425315676,0.00528257588462183,0.004155239757334,0.00394460403893153
"Otu3437",0.000214380654289757,0.000309981401115933,0.000447009102730819,0.000131989968762374,0.000209626027167533,0.0002077619878667
"Otu288",0.00058173356602676,0.000557389701153368,0.000841378088743247,0.000528283485045514,0.000175986625016499,0.000461177259768573
"Otu1796",4.19252054335066e-05,4.155239757334e-05,4.28761308579514e-05,8.85661146045523e-05,4.06371911573472e-05,8.79933125082494e-05
"Otu877",0.000483963218795372,0.000167700821734027,0.00024931438544004,4.28761308579514e-05,0.000265698343813657,0.000243823146944083
"Otu687",0.00028446033810143,0,0.000293476438034546,8.310479514668e-05,0.000171504523431806,0.000354264458418209
"Otu2264",4.42830573022761e-05,4.06371911573472e-05,4.39966562541247e-05,4.19252054335066e-05,4.155239757334e-05,0.000128628392573854
"Otu937",0,4.42830573022761e-05,4.06371911573472e-05,4.39966562541247e-05,0.000209626027167533,0.00016620959029336
"Otu1293",0.00054018116845342,0,8.85661146045523e-05,0.000121911573472042,0.000131989968762374,0.000167700821734027
"Otu1210",0.00012577561630052,0.00029086678301338,0.000257256785147708,8.85661146045523e-05,8.12743823146944e-05,0.000131989968762374
"Otu409",0.000351973250032998,0.000419252054335066,0.00029086678301338,0.000343009046863611,0.000487113630325038,0.000162548764629389
"Otu968",0.000162548764629389,0,0.00012577561630052,8.310479514668e-05,4.28761308579514e-05,0.000177132229209105
"Otu2114",0.000132849171906828,0,8.79933125082494e-05,4.19252054335066e-05,8.310479514668e-05,0.000128628392573854
"Otu436",0.000214380654289757,0.000309981401115933,0.000162548764629389,8.79933125082494e-05,0.000545027670635586,0.0002077619878667
"Otu2271",0.0008310479514668,0.000428761308579514,0.000752811974138695,0.000934655396618986,0.000835936468828369,0.000545027670635586
"Otu5503",8.38504108670133e-05,0,8.57522617159028e-05,4.42830573022761e-05,8.12743823146944e-05,0.000263979937524748
"Otu919",4.39966562541247e-05,4.19252054335066e-05,8.310479514668e-05,0.000128628392573854,8.85661146045523e-05,8.12743823146944e-05
"Otu263",0.00235695708712614,0.00140789300013199,0.00213818547710884,0.0012465719272002,0.00120053166402264,0.00141705783367284
"Otu232",0.000708528916836418,0.000812743823146944,0.00065994984381187,0.000628878081502599,0.00108036233690684,0.00094327487887493
"Otu1393",0.000171504523431806,8.85661146045523e-05,0.000121911573472042,0.000307976593778873,0.000167700821734027,0.0004155239757334
"Otu7434",0.00108036233690684,0.0031728336834884,0.00154990700557967,0.000528283485045514,0.000967926437590743,0.00117390575213819
"Otu533",0.000419252054335066,0.00016620959029336,0.000257256785147708,0.0011070764325569,0.00121911573472042,0.000439966562541247
"Otu294",0.000439966562541247,0.00104813013583767,0.0006232859636001,0.000514513570295417,0.000752811974138695,0.00073146944083225
"Otu1384",0.000609557867360208,0.000439966562541247,0.000545027670635586,0.00494473531122746,0.00192942588860781,0.000797095031440971
"Otu397",0.000664245859534142,0.000365734720416125,0.00065994984381187,0.00180278383364078,0.0016620959029336,0.000514513570295417
"Otu403",0.000643141962869271,0.00168275617748649,0.000812743823146944,0.00065994984381187,0.000754653697803119,0.00078949555389346
"Otu3151",8.310479514668e-05,8.57522617159028e-05,0.000221415286511381,0.000203185955786736,8.79933125082494e-05,0.00025155123260104
"Otu1175",0.000209626027167533,0.0002077619878667,0.000171504523431806,0.000221415286511381,0.000162548764629389,4.39966562541247e-05
"Otu4622",4.39966562541247e-05,0,4.155239757334e-05,4.28761308579514e-05,4.42830573022761e-05,8.12743823146944e-05
"Otu242",0.000447009102730819,0.000571956531303621,0.000922354519537146,0.00128812432477354,0.00132916005659649,0.000797095031440971
"Otu255",0.000708528916836418,0.000325097529258778,0.000615953187557746,0.00138353177930572,0.00178675309565362,0.000557389701153368
"Otu1052",0.000557389701153368,8.85661146045523e-05,0.000406371911573472,0.000307976593778873,0.00025155123260104,0.00049862877088008
"Otu631",0.00016620959029336,0.00030013291600566,0.000177132229209105,0.000203185955786736,4.39966562541247e-05,0.00012577561630052
"Otu1699",8.38504108670133e-05,0.0002077619878667,0,0.000354264458418209,4.06371911573472e-05,4.39966562541247e-05
"Otu1583",0.000175986625016499,0.000209626027167533,0.00012465719272002,0.000385885177721562,0.000265698343813657,0.000203185955786736
"Otu410",0.000162548764629389,0.00065994984381187,0.000293476438034546,0.00045707637330674,0.000214380654289757,0.000531396687627314
"Otu170",0.000619962802231866,0.000365734720416125,0.000615953187557746,0.000964279724970652,0.00091415274661348,0.000557389701153368
"Otu1310",8.57522617159028e-05,0,4.06371911573472e-05,0.000131989968762374,4.19252054335066e-05,0.00016620959029336
"Otu1516",4.155239757334e-05,0,0.000132849171906828,0.000121911573472042,4.39966562541247e-05,4.19252054335066e-05
"Otu1969",0,8.310479514668e-05,4.28761308579514e-05,4.42830573022761e-05,4.06371911573472e-05,4.39966562541247e-05
"Otu1680",0.000175986625016499,0.000167700821734027,0.00012465719272002,0.000343009046863611,0.000265698343813657,8.12743823146944e-05
"Otu2516",4.06371911573472e-05,4.39966562541247e-05,0,4.155239757334e-05,8.57522617159028e-05,4.42830573022761e-05
"Otu2317",4.42830573022761e-05,4.06371911573472e-05,4.39966562541247e-05,4.19252054335066e-05,0.00012465719272002,4.28761308579514e-05
"Otu506",0.00030013291600566,0,8.12743823146944e-05,0.000395969906287122,0.000293476438034546,0.0002077619878667
"Otu1876",4.155239757334e-05,0.000128628392573854,4.42830573022761e-05,0.000243823146944083,0,4.19252054335066e-05
"Otu285",0.00155123260103975,0.00108036233690684,0.00111477940230674,0.00261270038083429,0.0021537711313394,0.00114391306260724
"Otu817",0.000131989968762374,0,8.310479514668e-05,8.57522617159028e-05,8.85661146045523e-05,0.000162548764629389
"Otu962",4.06371911573472e-05,0,8.38504108670133e-05,0.0002077619878667,0.000257256785147708,4.42830573022761e-05
"Otu3161",4.42830573022761e-05,4.06371911573472e-05,0.000175986625016499,8.38504108670133e-05,8.310479514668e-05,4.28761308579514e-05
"Otu87",0.00180079749603396,0.000619962802231866,0.00162548764629389,0.00202384618768974,0.00142545698473923,0.00224382946896036
"Otu1085",0.00128812432477354,0.000600265832011319,0.00119564254716146,0.000406371911573472,0.000527959875049496,0.000712728492369613
"Otu592",0.00025155123260104,4.155239757334e-05,8.57522617159028e-05,0.000132849171906828,8.12743823146944e-05,8.79933125082494e-05
"Otu931",0.000131989968762374,0,8.310479514668e-05,4.28761308579514e-05,0.000221415286511381,8.12743823146944e-05
"Otu2629",0.000162548764629389,0.000131989968762374,0.00037732684890156,0.0002077619878667,0.000128628392573854,0.000221415286511381
"Otu632",0.000398547515720485,0.000203185955786736,0.000307976593778873,0.000209626027167533,0.00012465719272002,0.000214380654289757
"Otu4085",0.000128628392573854,0.000132849171906828,0.000203185955786736,8.79933125082494e-05,8.38504108670133e-05,0.00012465719272002
"Otu1067",0.00012465719272002,4.28761308579514e-05,0.000132849171906828,4.06371911573472e-05,0,0.00012577561630052
"Otu2170",4.19252054335066e-05,0.00016620959029336,0.000257256785147708,0.000354264458418209,8.12743823146944e-05,8.79933125082494e-05
"Otu492",0.000351973250032998,0.000545027670635586,0.00066483836117344,0.000257256785147708,0.000487113630325038,0.000406371911573472
"Otu173",0.000934655396618986,0.000923929781336618,0.000838504108670132,0.00049862877088008,0.000900398748016979,0.000929944203347799
"Otu3422",4.42830573022761e-05,8.12743823146944e-05,4.39966562541247e-05,4.19252054335066e-05,0.00012465719272002,4.28761308579514e-05
"Otu207",0.000643141962869271,0.000708528916836418,0.000894018205461638,0.000923929781336618,0.000754653697803119,0.0008310479514668
"Otu560",0.00033241918058672,8.57522617159028e-05,0.00057567974492959,0.000447009102730819,0.000219983281270623,8.38504108670133e-05
"Otu773",4.19252054335066e-05,0,8.57522617159028e-05,4.42830573022761e-05,4.06371911573472e-05,0.000131989968762374
"Otu4118",8.79933125082494e-05,0.000209626027167533,4.155239757334e-05,0.000128628392573854,8.85661146045523e-05,0.000121911573472042
"Otu6298",0,8.79933125082494e-05,4.19252054335066e-05,4.155239757334e-05,4.28761308579514e-05,4.42830573022761e-05
"Otu1487",0.000309981401115933,0,8.79933125082494e-05,0.000293476438034546,8.310479514668e-05,0.000128628392573854
"Otu546",0.000214380654289757,0,0.000121911573472042,0.000131989968762374,4.19252054335066e-05,0.00024931438544004
"Otu461",0.00078949555389346,0.00192942588860781,0.00119564254716146,0.000406371911573472,0.000703946500065995,0.000712728492369613
"Otu3267",0.00012577561630052,0.00012465719272002,0,4.42830573022761e-05,0.000203185955786736,0.000219983281270623
"Otu1244",0.000439966562541247,4.19252054335066e-05,0.00016620959029336,0.000171504523431806,0.000177132229209105,0.000243823146944083
"Otu1002",8.12743823146944e-05,0,8.38504108670133e-05,0.00012465719272002,8.57522617159028e-05,0.000132849171906828
"Otu265",0.00115135948985918,0.000975292587776333,0.00101192309384487,0.00205433506624182,0.00141278151749356,0.00111477940230674
"Otu734",0.000385885177721562,0.000309981401115933,4.06371911573472e-05,4.39966562541247e-05,0.00012577561630052,0.00029086678301338
"Otu2710",4.155239757334e-05,0,4.42830573022761e-05,4.06371911573472e-05,0.000131989968762374,8.38504108670133e-05
"Otu541",0.000167700821734027,0.00029086678301338,8.57522617159028e-05,8.85661146045523e-05,0.000121911573472042,0.000263979937524748
"Otu1822",8.79933125082494e-05,8.38504108670133e-05,0.00012465719272002,0.000128628392573854,0.000132849171906828,4.06371911573472e-05
"Otu6693",8.12743823146944e-05,0.000219983281270623,0.000293476438034546,0.00024931438544004,0.00030013291600566,0.000265698343813657
"Otu468",0.000132849171906828,0.000162548764629389,0.000219983281270623,0.00025155123260104,8.310479514668e-05,0.000257256785147708
"Otu2064",0,8.85661146045523e-05,4.06371911573472e-05,4.39966562541247e-05,4.19252054335066e-05,8.310479514668e-05
"Otu698",0.00049862877088008,0.000128628392573854,0.000265698343813657,4.06371911573472e-05,0.000131989968762374,8.38504108670133e-05
"Otu1288",0.000167700821734027,0,0.000171504523431806,8.85661146045523e-05,4.06371911573472e-05,0.000263979937524748
"Otu1018",0,8.38504108670133e-05,0.00012465719272002,0.000128628392573854,0.000309981401115933,0.000162548764629389
"Otu907",0.000568920676202861,0.000307976593778873,0.000586952876069093,0.00087260034904014,0.000557389701153368,0.000752811974138695
"Otu2042",0.000177132229209105,0,8.79933125082494e-05,8.38504108670133e-05,0.00012465719272002,4.28761308579514e-05
"Otu1120",0.00030013291600566,0.000132849171906828,0.00028446033810143,0.000175986625016499,0.00012577561630052,0.00029086678301338
"Otu376",0.00054018116845342,0.00120053166402264,0.000752811974138695,0.000325097529258778,0.000571956531303621,0.000586952876069093
"Otu1519",0.000335401643468053,0.00012465719272002,0.000428761308579514,0.000177132229209105,0.000121911573472042,0.000395969906287122
"Otu909",0.000439966562541247,0,8.310479514668e-05,0.000214380654289757,8.85661146045523e-05,8.12743823146944e-05
"Otu854",0.000162548764629389,4.39966562541247e-05,0.000167700821734027,0.0002077619878667,4.28761308579514e-05,0.000132849171906828
"Otu1709",4.42830573022761e-05,0,4.39966562541247e-05,8.38504108670133e-05,0.00016620959029336,8.57522617159028e-05
"Otu3002",0.000128628392573854,8.85661146045523e-05,8.12743823146944e-05,0.000131989968762374,8.38504108670133e-05,8.310479514668e-05
"Otu2763",0.0004155239757334,0.000214380654289757,0.000265698343813657,0.000812743823146944,0.00074794315632012,0.000545027670635586
"Otu1670",0.00012577561630052,8.310479514668e-05,0.000128628392573854,0.000177132229209105,8.12743823146944e-05,0.000131989968762374
"Otu6006",0.000219983281270623,0.000209626027167533,8.310479514668e-05,4.28761308579514e-05,4.42830573022761e-05,0.000121911573472042
"Otu1639",0.00028446033810143,0.000307976593778873,4.19252054335066e-05,0.00033241918058672,0.00030013291600566,0.000442830573022761
"Otu163",0.0018598884066956,0.00178803641092328,0.00145188965638611,0.00159315780647325,0.00170364830050694,0.0016721691034601
"Otu830",0.000214380654289757,0.000177132229209105,0.00028446033810143,0.000439966562541247,0.00012577561630052,0.00045707637330674
"Otu1069",0.00045707637330674,8.57522617159028e-05,0.000354264458418209,0.000365734720416125,0.000395969906287122,0.000293476438034546
"Otu2085",0.00012577561630052,0,0.000257256785147708,4.42830573022761e-05,8.12743823146944e-05,8.79933125082494e-05
"Otu5513",0.000703946500065995,0.000335401643468053,0.0006232859636001,0.000514513570295417,0.000354264458418209,0.000487646293888166
"Otu3787",0.000243823146944083,0.000307976593778873,0.000167700821734027,0.00024931438544004,0.000428761308579514,0.000221415286511381
"Otu912",0.000177132229209105,4.06371911573472e-05,0,0.000335401643468053,8.310479514668e-05,0.00030013291600566
"Otu896",0.000428761308579514,0,0.000325097529258778,0.000395969906287122,8.38504108670133e-05,0.00016620959029336
"Otu486",0.00049862877088008,0.000214380654289757,0.000354264458418209,0.000690832249674902,0.000615953187557746,0.000419252054335066
"Otu530",0.000586952876069093,0.00132967672234688,0.000214380654289757,0.000354264458418209,0.000325097529258778,0.000351973250032998
"Otu601",0.000483963218795372,0.000209626027167533,0.00033241918058672,0.000257256785147708,0.000265698343813657,4.06371911573472e-05
"Otu1158",0.000162548764629389,0.000307976593778873,0.000293476438034546,0.00029086678301338,0.000385885177721562,0.000354264458418209
"Otu293",0.000531396687627314,0.000487646293888166,0.000483963218795372,0.000586952876069093,0.00054018116845342,0.00030013291600566
"Otu518",0.000471637439437465,0.000354264458418209,0.000121911573472042,0.000351973250032998,0.000461177259768573,0.00045707637330674
"Otu1300",0,8.57522617159028e-05,0.000221415286511381,0.00028446033810143,0.000131989968762374,0.000167700821734027
"Otu316",0.00109005534127117,0.00199451508352032,0.00154354071088625,0.00168275617748649,0.0013816644993498,0.00109991640635312
"Otu1218",4.39966562541247e-05,4.19252054335066e-05,0,4.28761308579514e-05,4.42830573022761e-05,4.06371911573472e-05
"Otu2922",8.12743823146944e-05,0,4.19252054335066e-05,4.155239757334e-05,4.28761308579514e-05,8.85661146045523e-05
"Otu512",8.85661146045523e-05,0.00028446033810143,8.79933125082494e-05,0.000209626027167533,0.00037397157816006,0.000171504523431806
"Otu901",0.000214380654289757,0.000221415286511381,0.000325097529258778,0.000307976593778873,0.00025155123260104,0.0002077619878667
"Otu4565",8.310479514668e-05,4.28761308579514e-05,0.000221415286511381,0.000162548764629389,0.000175986625016499,4.19252054335066e-05
"Otu7591",0.000209626027167533,0.00016620959029336,0.000171504523431806,0.000221415286511381,0.000162548764629389,0
"Otu1911",0.000131989968762374,0,4.155239757334e-05,4.28761308579514e-05,8.85661146045523e-05,4.06371911573472e-05
"Otu834",0.00028446033810143,8.79933125082494e-05,8.38504108670133e-05,0.0002077619878667,0.000214380654289757,8.85661146045523e-05
"Otu621",0.000265698343813657,0.000203185955786736,0.000131989968762374,0.000586952876069093,0.00033241918058672,0.000257256785147708
"Otu1484",0.00030013291600566,0,4.06371911573472e-05,4.39966562541247e-05,4.19252054335066e-05,8.310479514668e-05
"Otu2768",8.310479514668e-05,0,8.85661146045523e-05,0.000121911573472042,0.000175986625016499,0.00012577561630052
"Otu1872",4.19252054335066e-05,4.155239757334e-05,4.28761308579514e-05,8.85661146045523e-05,4.06371911573472e-05,0
"Otu329",0.000439966562541247,0.000209626027167533,0.00024931438544004,0.000471637439437465,0.000442830573022761,0.000447009102730819
"Otu1859",0.000121911573472042,0,0.000209626027167533,0.0002077619878667,0.000214380654289757,8.85661146045523e-05
"Otu1045",0.000221415286511381,0.000325097529258778,0.000131989968762374,8.38504108670133e-05,0.00012465719272002,0.000171504523431806
"Otu3634",0,8.85661146045523e-05,8.12743823146944e-05,4.39966562541247e-05,8.38504108670133e-05,4.155239757334e-05
"Otu870",8.310479514668e-05,4.28761308579514e-05,0.000132849171906828,0.000162548764629389,0,8.38504108670133e-05
"Otu1236",4.19252054335066e-05,0.00016620959029336,4.28761308579514e-05,0.000132849171906828,4.06371911573472e-05,4.39966562541247e-05
"Otu1880",8.79933125082494e-05,0.000167700821734027,8.310479514668e-05,0.000128628392573854,8.85661146045523e-05,4.06371911573472e-05
"Otu334",0.000243823146944083,0.000527959875049496,0.000167700821734027,0.00029086678301338,0.000557389701153368,0.00057567974492959
"Otu497",0.000354264458418209,0,0.000219983281270623,0.00012577561630052,0.00012465719272002,0.00030013291600566
"Otu1878",8.57522617159028e-05,8.85661146045523e-05,4.06371911573472e-05,0,0.00012577561630052,4.155239757334e-05
"Otu662",0.0004155239757334,8.57522617159028e-05,0.000354264458418209,0.000487646293888166,8.79933125082494e-05,0.000293476438034546
"Otu428",0.000335401643468053,0.0002077619878667,0.000257256785147708,0.000354264458418209,0.00073146944083225,0.000307976593778873
"Otu914",8.79933125082494e-05,0.000335401643468053,4.155239757334e-05,0.000171504523431806,8.85661146045523e-05,0.000162548764629389
"Otu2041",8.12743823146944e-05,4.39966562541247e-05,4.19252054335066e-05,4.155239757334e-05,0,0.000177132229209105
"Otu802",0.000221415286511381,8.12743823146944e-05,0.000219983281270623,0.000209626027167533,0.00029086678301338,0.000171504523431806
"Otu1081",0.000214380654289757,4.42830573022761e-05,8.12743823146944e-05,0.000791939812574244,0.000293476438034546,0.00016620959029336
"Otu1541",0.00024931438544004,0.00030013291600566,0,4.06371911573472e-05,4.39966562541247e-05,0.000167700821734027
"Otu880",8.38504108670133e-05,0.00016620959029336,4.28761308579514e-05,8.85661146045523e-05,0.000162548764629389,0.000175986625016499
"Otu941",0.000527959875049496,0,0.00045707637330674,0.000128628392573854,0.000442830573022761,0.000447009102730819
"Otu688",0.00101592977893368,0.000571956531303621,0.000796578903236626,0.00033241918058672,0.000514513570295417,0.00128420866176601
"Otu663",0.000177132229209105,0,4.39966562541247e-05,8.38504108670133e-05,8.310479514668e-05,8.57522617159028e-05
"Otu1740",0.000128628392573854,4.42830573022761e-05,8.12743823146944e-05,0,8.38504108670133e-05,0.0002077619878667
"Otu1040",8.310479514668e-05,4.28761308579514e-05,4.42830573022761e-05,4.06371911573472e-05,0.000131989968762374,4.19252054335066e-05
"Otu1176",8.38504108670133e-05,4.155239757334e-05,0,0.000177132229209105,0.000121911573472042,4.39966562541247e-05
"Otu1303",0.000175986625016499,8.38504108670133e-05,0.00024931438544004,0.000514513570295417,0.000354264458418209,8.12743823146944e-05
"Otu1286",0.000121911573472042,0.000263979937524748,0.000167700821734027,0,0.000385885177721562,0.000132849171906828
"Otu3876",4.42830573022761e-05,4.06371911573472e-05,4.39966562541247e-05,8.38504108670133e-05,4.155239757334e-05,0.000128628392573854
"Otu1860",8.57522617159028e-05,0,0.000203185955786736,0.000351973250032998,8.38504108670133e-05,0.0002077619878667
"Otu2731",0,0.000128628392573854,4.42830573022761e-05,4.06371911573472e-05,0.000175986625016499,4.19252054335066e-05
"Otu1647",8.38504108670133e-05,0,0.000128628392573854,0.000132849171906828,4.06371911573472e-05,8.79933125082494e-05
"Otu1365",0.000395969906287122,0.00012577561630052,0.00029086678301338,0.000257256785147708,0.000132849171906828,0.000162548764629389
"Otu4956",0.000325097529258778,0.000131989968762374,0.000293476438034546,0.00049862877088008,0.000557389701153368,0.000354264458418209
"Otu729",0.000265698343813657,0.000162548764629389,4.39966562541247e-05,0.00012577561630052,0.00012465719272002,0.00030013291600566
"Otu5999",8.57522617159028e-05,0,4.06371911573472e-05,0.000131989968762374,0.00012577561630052,4.155239757334e-05
"Otu2080",0.0002077619878667,0.000171504523431806,8.85661146045523e-05,8.12743823146944e-05,8.79933125082494e-05,0.00012577561630052
"Otu1930",8.38504108670133e-05,0,8.57522617159028e-05,0.000177132229209105,8.12743823146944e-05,4.39966562541247e-05
"Otu1026",0.000263979937524748,0,0.00016620959029336,4.28761308579514e-05,0.000177132229209105,0.000568920676202861
"Otu1350",4.06371911573472e-05,0.000131989968762374,4.19252054335066e-05,4.155239757334e-05,0,4.42830573022761e-05
"Otu2353",8.85661146045523e-05,4.06371911573472e-05,8.79933125082494e-05,0.000209626027167533,0.00037397157816006,0.000128628392573854
"Otu1217",0.000128628392573854,0.000132849171906828,0.000121911573472042,0.000263979937524748,0,0.00012465719272002
"Otu1562",8.310479514668e-05,0,4.42830573022761e-05,0.000121911573472042,0.000175986625016499,0.000167700821734027
"Otu1223",8.38504108670133e-05,0,8.57522617159028e-05,0.000177132229209105,4.06371911573472e-05,8.79933125082494e-05
"Otu2496",0.000615953187557746,0.000209626027167533,0.00024931438544004,0.000257256785147708,0.000221415286511381,0.000243823146944083
"Otu516",0.000325097529258778,0.000263979937524748,0.00012577561630052,8.310479514668e-05,8.57522617159028e-05,0.000265698343813657
"Otu1858",4.42830573022761e-05,0,8.79933125082494e-05,8.38504108670133e-05,4.155239757334e-05,4.28761308579514e-05
"Otu3454",8.57522617159028e-05,0.000132849171906828,0.000162548764629389,4.39966562541247e-05,0.00012577561630052,0.00012465719272002
"Otu344",0.00029086678301338,0.000557389701153368,0.000354264458418209,0.000325097529258778,0.000351973250032998,0.000461177259768573
"Otu5617",0.00025155123260104,4.155239757334e-05,4.28761308579514e-05,0.000132849171906828,0.000203185955786736,8.79933125082494e-05
"Otu3222",4.39966562541247e-05,4.19252054335066e-05,4.155239757334e-05,0.000128628392573854,0,4.06371911573472e-05
"Otu1472",0.000162548764629389,4.39966562541247e-05,4.19252054335066e-05,8.310479514668e-05,4.28761308579514e-05,8.85661146045523e-05
"Otu5678",0,0.000243823146944083,4.39966562541247e-05,4.19252054335066e-05,4.155239757334e-05,0.000171504523431806
"Otu1391",0.000214380654289757,4.42830573022761e-05,8.12743823146944e-05,0,0.00012577561630052,0.00012465719272002
"Otu1179",8.310479514668e-05,4.28761308579514e-05,8.85661146045523e-05,4.06371911573472e-05,4.39966562541247e-05,4.19252054335066e-05
"Otu1098",4.19252054335066e-05,0,4.28761308579514e-05,0.000177132229209105,0.00028446033810143,4.39966562541247e-05
"Otu3524",0,4.19252054335066e-05,0.00012465719272002,0.000128628392573854,0.000177132229209105,8.12743823146944e-05
"Otu2545",4.06371911573472e-05,0.000131989968762374,4.19252054335066e-05,4.155239757334e-05,8.57522617159028e-05,0.000177132229209105
"Otu2772",4.42830573022761e-05,4.06371911573472e-05,4.39966562541247e-05,8.38504108670133e-05,8.310479514668e-05,4.28761308579514e-05
"Otu2108",0.00030013291600566,8.85661146045523e-05,0.000203185955786736,0.000175986625016499,0,0.00024931438544004
"Otu1392",8.310479514668e-05,0.000257256785147708,0.000132849171906828,0.000121911573472042,0.000175986625016499,0.000335401643468053
"Otu1756",0.00012577561630052,0.0002077619878667,4.28761308579514e-05,4.42830573022761e-05,8.12743823146944e-05,4.39966562541247e-05
"Otu502",0.000527959875049496,0.00100620493040416,0.00091415274661348,0.000343009046863611,0.000398547515720485,0.000528283485045514
"Otu2600",8.12743823146944e-05,0.000175986625016499,0,4.155239757334e-05,0.000171504523431806,4.42830573022761e-05
"Otu2925",0.000177132229209105,0.000121911573472042,0,8.38504108670133e-05,4.155239757334e-05,0.000214380654289757
"Otu324",0.000600265832011319,0.000309981401115933,0.000162548764629389,0.00140789300013199,0.00121583095757169,0.0002077619878667
"Otu748",0.00029086678301338,0.000214380654289757,0.000309981401115933,8.12743823146944e-05,4.39966562541247e-05,8.38504108670133e-05
"Otu2831",4.19252054335066e-05,0,0.000128628392573854,4.42830573022761e-05,4.06371911573472e-05,8.79933125082494e-05
"Otu1159",0.000307976593778873,8.38504108670133e-05,0.0002077619878667,0,0.000221415286511381,0.000406371911573472
"Otu2375",0.000121911573472042,4.39966562541247e-05,4.19252054335066e-05,4.155239757334e-05,4.28761308579514e-05,0.000132849171906828
"Otu2101",4.42830573022761e-05,8.12743823146944e-05,4.39966562541247e-05,4.19252054335066e-05,0.00012465719272002,0
"Otu3239",0.000171504523431806,0.000177132229209105,4.06371911573472e-05,0.000131989968762374,0.00012577561630052,0.00016620959029336
"Otu1615",4.155239757334e-05,8.57522617159028e-05,0,4.06371911573472e-05,4.39966562541247e-05,8.38504108670133e-05
"Otu3448",0.00012577561630052,0,4.28761308579514e-05,4.42830573022761e-05,4.06371911573472e-05,0.000131989968762374
"Otu1127",8.79933125082494e-05,0.000167700821734027,8.310479514668e-05,8.57522617159028e-05,8.85661146045523e-05,0.000121911573472042
"Otu2248",0.000121911573472042,0,4.19252054335066e-05,0.00012465719272002,8.57522617159028e-05,8.85661146045523e-05
"Otu1177",0,4.06371911573472e-05,0.000175986625016499,0.00025155123260104,0.00012465719272002,0.000214380654289757
"Otu2286",0,8.85661146045523e-05,4.06371911573472e-05,0.000175986625016499,0.000167700821734027,8.310479514668e-05
"Otu642",0.00078949555389346,0.000600265832011319,0.000797095031440971,0.000406371911573472,0.000835936468828369,0.00037732684890156
"Otu1364",8.38504108670133e-05,0,4.28761308579514e-05,4.42830573022761e-05,8.12743823146944e-05,4.39966562541247e-05
"Otu2255",0.000131989968762374,0.000167700821734027,0.00016620959029336,0.000128628392573854,0.000752811974138695,0.000121911573472042
"Otu674",0.000243823146944083,0,0.00025155123260104,0.0002077619878667,4.28761308579514e-05,0.000265698343813657
"Otu1663",8.85661146045523e-05,8.12743823146944e-05,8.79933125082494e-05,8.38504108670133e-05,0,0.000171504523431806
"Otu2542",4.28761308579514e-05,0,0.000203185955786736,4.39966562541247e-05,8.38504108670133e-05,8.310479514668e-05
"Otu1607",0,4.28761308579514e-05,4.42830573022761e-05,4.06371911573472e-05,8.79933125082494e-05,8.38504108670133e-05
"Otu1616",0.000209626027167533,0,0.000171504523431806,0.000309981401115933,0.000243823146944083,0.000219983281270623
"Otu673",0.000395969906287122,0.000293476438034546,0.00029086678301338,8.57522617159028e-05,0.000398547515720485,0.00028446033810143
"Otu711",0.000365734720416125,4.39966562541247e-05,0.000293476438034546,0.00054018116845342,0.000343009046863611,0.000132849171906828
"Otu2364",4.42830573022761e-05,4.06371911573472e-05,4.39966562541247e-05,4.19252054335066e-05,4.155239757334e-05,8.57522617159028e-05
"Otu1237",0.000171504523431806,0.000221415286511381,4.06371911573472e-05,0.000175986625016499,0.000209626027167533,0.00016620959029336
"Otu979",8.310479514668e-05,4.28761308579514e-05,0.000132849171906828,0.000162548764629389,8.79933125082494e-05,0.000167700821734027
"Otu1047",0.000209626027167533,4.155239757334e-05,0,0.000309981401115933,8.12743823146944e-05,0.000175986625016499
"Otu1417",8.79933125082494e-05,8.38504108670133e-05,0.00016620959029336,4.28761308579514e-05,4.42830573022761e-05,8.12743823146944e-05
"Otu1582",4.06371911573472e-05,0.000131989968762374,0.000209626027167533,4.155239757334e-05,4.28761308579514e-05,4.42830573022761e-05
"Otu2691",4.42830573022761e-05,4.06371911573472e-05,4.39966562541247e-05,4.19252054335066e-05,4.155239757334e-05,8.57522617159028e-05
"Otu1381",0.000171504523431806,0,8.12743823146944e-05,0.000131989968762374,8.38504108670133e-05,8.310479514668e-05
"Otu1099",4.155239757334e-05,4.28761308579514e-05,4.42830573022761e-05,0.000121911573472042,4.39966562541247e-05,4.19252054335066e-05
"Otu314",0.000209626027167533,0.00012465719272002,0.000257256785147708,0.000398547515720485,0.000609557867360208,0.000703946500065995
"Otu858",0.000263979937524748,0.000419252054335066,0.0002077619878667,0.000257256785147708,0.000177132229209105,0.00028446033810143
"Otu983",8.12743823146944e-05,8.79933125082494e-05,0.000167700821734027,4.155239757334e-05,0,0.000221415286511381
"Otu1745",0.000132849171906828,4.06371911573472e-05,8.79933125082494e-05,0,8.310479514668e-05,0.00030013291600566
"Otu990",8.57522617159028e-05,0.000132849171906828,8.12743823146944e-05,8.79933125082494e-05,0.000167700821734027,0.00012465719272002
"Otu2472",4.155239757334e-05,0,0.000132849171906828,4.06371911573472e-05,4.39966562541247e-05,4.19252054335066e-05
"Otu1749",4.19252054335066e-05,4.155239757334e-05,0.000128628392573854,0.000177132229209105,4.06371911573472e-05,4.39966562541247e-05
"Otu1828",4.39966562541247e-05,4.19252054335066e-05,4.155239757334e-05,0.000128628392573854,4.42830573022761e-05,4.06371911573472e-05
"Otu1660",0.000121911573472042,4.39966562541247e-05,8.38504108670133e-05,8.310479514668e-05,8.57522617159028e-05,0.000132849171906828
"Otu867",4.42830573022761e-05,4.06371911573472e-05,4.39966562541247e-05,4.19252054335066e-05,4.155239757334e-05,4.28761308579514e-05
"Otu617",0.000214380654289757,0.00057567974492959,0.000203185955786736,0.000263979937524748,0.00025155123260104,0.0002077619878667
"Otu5938",4.155239757334e-05,4.28761308579514e-05,4.42830573022761e-05,0,4.39966562541247e-05,0.000167700821734027
"Otu1843",8.38504108670133e-05,0,4.28761308579514e-05,0.000132849171906828,4.06371911573472e-05,4.39966562541247e-05
"Otu1285",0.000175986625016499,0.00025155123260104,0.00016620959029336,0.000171504523431806,4.42830573022761e-05,0.000121911573472042
"Otu2009",8.12743823146944e-05,0.000175986625016499,0,0.0002077619878667,4.28761308579514e-05,4.42830573022761e-05
"Otu480",0.000708528916836418,0.00073146944083225,0.00118790971886137,0.00142545698473923,0.00149588631264024,0.000857522617159028
"Otu1341",8.57522617159028e-05,0,4.06371911573472e-05,4.39966562541247e-05,0.00012577561630052,4.155239757334e-05
"Otu2326",0,0.000128628392573854,4.42830573022761e-05,8.12743823146944e-05,4.39966562541247e-05,4.19252054335066e-05
"Otu747",8.38504108670133e-05,4.155239757334e-05,4.28761308579514e-05,4.42830573022761e-05,4.06371911573472e-05,0
"Otu1077",8.79933125082494e-05,4.19252054335066e-05,4.155239757334e-05,4.28761308579514e-05,4.42830573022761e-05,8.12743823146944e-05
"Otu1499",4.06371911573472e-05,4.39966562541247e-05,0,8.310479514668e-05,4.28761308579514e-05,0.000132849171906828
"Otu1567",0.000132849171906828,0.000487646293888166,0.000131989968762374,0.000209626027167533,0.00012465719272002,4.28761308579514e-05
"Otu6443",4.28761308579514e-05,0,8.12743823146944e-05,8.79933125082494e-05,4.19252054335066e-05,4.155239757334e-05
"Otu809",0.00058173356602676,4.28761308579514e-05,0.000221415286511381,0.000243823146944083,0.000263979937524748,0.000335401643468053
"Otu808",0.00012577561630052,4.155239757334e-05,0.000171504523431806,0.000221415286511381,0.000203185955786736,0.000131989968762374
"Otu1209",8.79933125082494e-05,8.38504108670133e-05,4.155239757334e-05,0,8.85661146045523e-05,4.06371911573472e-05
"Otu2974",4.06371911573472e-05,0,4.19252054335066e-05,8.310479514668e-05,0.000171504523431806,0.000177132229209105
"Otu1474",0.000309981401115933,0.000243823146944083,8.79933125082494e-05,0.00025155123260104,0.0002077619878667,0.00030013291600566
"Otu2631",0,4.42830573022761e-05,4.06371911573472e-05,4.39966562541247e-05,4.19252054335066e-05,4.155239757334e-05
"Otu799",0,4.28761308579514e-05,8.85661146045523e-05,0.000121911573472042,0.000175986625016499,8.38504108670133e-05
"Otu3144",4.19252054335066e-05,8.310479514668e-05,8.57522617159028e-05,0,0.000121911573472042,8.79933125082494e-05
"Otu2407",0.000219983281270623,0,4.155239757334e-05,0.000171504523431806,0.000132849171906828,0.000121911573472042
"Otu2045",4.06371911573472e-05,4.39966562541247e-05,4.19252054335066e-05,8.310479514668e-05,4.28761308579514e-05,0
"Otu2759",0,4.06371911573472e-05,4.39966562541247e-05,4.19252054335066e-05,0.00012465719272002,8.57522617159028e-05
"Otu1598",4.28761308579514e-05,0.000132849171906828,0,4.39966562541247e-05,4.19252054335066e-05,4.155239757334e-05
"Otu549",0.0004155239757334,8.57522617159028e-05,0.000398547515720485,4.06371911573472e-05,4.39966562541247e-05,0
"Otu1524",0.000167700821734027,0.00016620959029336,0.000171504523431806,0.000487113630325038,0.000487646293888166,0.000175986625016499
"Otu1697",8.79933125082494e-05,8.38504108670133e-05,0.00012465719272002,8.57522617159028e-05,4.42830573022761e-05,8.12743823146944e-05
"Otu794",0.000325097529258778,0.000175986625016499,0.000335401643468053,0.00033241918058672,0.000171504523431806,0.000354264458418209
"Otu1295",0.000132849171906828,4.06371911573472e-05,0.000131989968762374,0.00025155123260104,0,8.57522617159028e-05
"Otu1679",4.28761308579514e-05,0,0.000121911573472042,0.000131989968762374,0.000209626027167533,0.0002077619878667
"Otu6857",0.00012465719272002,4.28761308579514e-05,0.000265698343813657,0.000162548764629389,0.000131989968762374,0.000419252054335066
"Otu6783",8.38504108670133e-05,0,0.000128628392573854,0.000265698343813657,4.06371911573472e-05,0.000131989968762374
"Otu1483",0.000131989968762374,0,4.155239757334e-05,8.57522617159028e-05,0.000132849171906828,4.06371911573472e-05
"Otu778",0.000203185955786736,4.39966562541247e-05,8.38504108670133e-05,0.00012465719272002,8.57522617159028e-05,8.85661146045523e-05
"Otu2133",8.85661146045523e-05,0,8.79933125082494e-05,4.19252054335066e-05,8.310479514668e-05,8.57522617159028e-05
"Otu3162",0.000128628392573854,4.42830573022761e-05,4.06371911573472e-05,4.39966562541247e-05,4.19252054335066e-05,4.155239757334e-05
"Otu1721",0.00016620959029336,0,4.42830573022761e-05,0.000203185955786736,0.000131989968762374,8.38504108670133e-05
"Otu2273",8.38504108670133e-05,8.310479514668e-05,0.00030013291600566,8.85661146045523e-05,0.000162548764629389,0
"Otu2961",8.79933125082494e-05,0.00012577561630052,4.155239757334e-05,0,4.42830573022761e-05,4.06371911573472e-05
"Otu2972",8.12743823146944e-05,0,8.38504108670133e-05,8.310479514668e-05,8.57522617159028e-05,4.42830573022761e-05
"Otu950",4.42830573022761e-05,0.000121911573472042,4.39966562541247e-05,4.19252054335066e-05,8.310479514668e-05,0.000171504523431806
"Otu296",0.000686018093727222,0.000354264458418209,0.000243823146944083,0.000571956531303621,0.000461177259768573,4.155239757334e-05
"Otu588",0.00016620959029336,8.57522617159028e-05,0.000177132229209105,0.000325097529258778,0.000879933125082494,0.000838504108670132
"Otu1619",0.000167700821734027,0,4.28761308579514e-05,0.000664245859534142,0.000121911573472042,4.39966562541247e-05
"Otu1051",0.000131989968762374,0.000209626027167533,4.155239757334e-05,0.000128628392573854,8.85661146045523e-05,8.12743823146944e-05
"Otu4074",0.000121911573472042,0,4.19252054335066e-05,0.00012465719272002,4.28761308579514e-05,4.42830573022761e-05
"Otu825",0.000132849171906828,0.000203185955786736,4.39966562541247e-05,4.19252054335066e-05,0,0.000171504523431806
"Otu7268",0.000257256785147708,0.000309981401115933,0.000162548764629389,0.000263979937524748,0.00037732684890156,0.0002077619878667
"Otu3046",4.155239757334e-05,8.57522617159028e-05,4.42830573022761e-05,4.06371911573472e-05,4.39966562541247e-05,8.38504108670133e-05
"Otu4776",8.38504108670133e-05,8.310479514668e-05,8.57522617159028e-05,0,8.12743823146944e-05,0.000175986625016499
"Otu4630",0.00074794315632012,0.000712728492369613,0.00033241918058672,0.000600265832011319,0.000885661146045523,0.000568920676202861
"Otu1732",0.000203185955786736,4.39966562541247e-05,0.00012577561630052,4.155239757334e-05,0.000128628392573854,0.000132849171906828
"Otu1963",8.85661146045523e-05,0,4.39966562541247e-05,0.00012577561630052,4.155239757334e-05,4.28761308579514e-05
"Otu625",0.000343009046863611,0.000177132229209105,4.06371911573472e-05,8.79933125082494e-05,0.00012577561630052,0.00029086678301338
"Otu2368",4.155239757334e-05,8.57522617159028e-05,4.42830573022761e-05,0,0.000131989968762374,4.19252054335066e-05
"Otu4375",0.00012577561630052,4.155239757334e-05,4.28761308579514e-05,4.42830573022761e-05,4.06371911573472e-05,0
"Otu3823",4.39966562541247e-05,8.38504108670133e-05,4.155239757334e-05,0.000171504523431806,0.000177132229209105,0.000121911573472042
"Otu1933",0,4.39966562541247e-05,4.19252054335066e-05,4.155239757334e-05,0.000128628392573854,8.85661146045523e-05
"Otu2789",4.42830573022761e-05,4.06371911573472e-05,4.39966562541247e-05,0.00012577561630052,0.00016620959029336,0.000128628392573854
"Otu2736",8.57522617159028e-05,0,8.12743823146944e-05,4.39966562541247e-05,0.000167700821734027,8.310479514668e-05
"Otu1653",0.00012465719272002,8.57522617159028e-05,0.000132849171906828,4.06371911573472e-05,4.39966562541247e-05,0.00012577561630052
"Otu7063",0.00012577561630052,8.310479514668e-05,8.57522617159028e-05,0.000132849171906828,8.12743823146944e-05,8.79933125082494e-05
"Otu1938",4.39966562541247e-05,4.19252054335066e-05,0.0002077619878667,8.57522617159028e-05,8.85661146045523e-05,4.06371911573472e-05
"Otu1396",0,4.39966562541247e-05,8.38504108670133e-05,0.0002077619878667,0.000128628392573854,0.000132849171906828
"Otu1877",0,4.06371911573472e-05,4.39966562541247e-05,4.19252054335066e-05,4.155239757334e-05,4.28761308579514e-05
"Otu2325",0,4.42830573022761e-05,8.12743823146944e-05,4.39966562541247e-05,4.19252054335066e-05,8.310479514668e-05
"Otu1211",0.00029086678301338,0.000214380654289757,0.000487113630325038,8.12743823146944e-05,0.000219983281270623,0.00025155123260104
"Otu1390",8.38504108670133e-05,8.310479514668e-05,4.28761308579514e-05,0,8.12743823146944e-05,4.39966562541247e-05
"Otu1282",8.79933125082494e-05,4.19252054335066e-05,8.310479514668e-05,8.57522617159028e-05,0,0.000121911573472042
"Otu5269",0,8.79933125082494e-05,8.38504108670133e-05,4.155239757334e-05,8.57522617159028e-05,4.42830573022761e-05
"Otu2100",0,4.06371911573472e-05,0.000131989968762374,0.00012577561630052,0.00016620959029336,0.000128628392573854
"Otu1080",8.57522617159028e-05,0.000442830573022761,0.000365734720416125,0.000483963218795372,0.000335401643468053,0.00029086678301338
"Otu1476",0.0002077619878667,4.28761308579514e-05,4.42830573022761e-05,8.12743823146944e-05,4.39966562541247e-05,8.38504108670133e-05
"Otu860",0.000209626027167533,4.155239757334e-05,0.00030013291600566,0.000265698343813657,0.000203185955786736,0.000307976593778873
"Otu932",0,4.19252054335066e-05,0.0002077619878667,8.57522617159028e-05,0.000132849171906828,4.06371911573472e-05
"Otu1076",0.000243823146944083,4.39966562541247e-05,4.19252054335066e-05,0.00016620959029336,8.57522617159028e-05,0.000177132229209105
"Otu3139",4.42830573022761e-05,8.12743823146944e-05,0,4.19252054335066e-05,4.155239757334e-05,4.28761308579514e-05
"Otu1305",0.000171504523431806,0,0.000121911573472042,0.000175986625016499,4.19252054335066e-05,8.310479514668e-05
"Otu1191",4.155239757334e-05,0,4.42830573022761e-05,0.000162548764629389,4.39966562541247e-05,0.000167700821734027
"Otu1271",8.38504108670133e-05,0,0.000128628392573854,4.42830573022761e-05,4.06371911573472e-05,8.79933125082494e-05
"Otu7429",0.000175986625016499,4.19252054335066e-05,0.00016620959029336,0.000214380654289757,0.000265698343813657,0.000162548764629389
"Otu1297",0.00028446033810143,0.000615953187557746,0.000419252054335066,0.00012465719272002,8.57522617159028e-05,0.000309981401115933
"Otu3692",8.85661146045523e-05,8.12743823146944e-05,8.79933125082494e-05,8.38504108670133e-05,8.310479514668e-05,0.000171504523431806
"Otu683",4.28761308579514e-05,4.42830573022761e-05,0.000121911573472042,0.000131989968762374,4.19252054335066e-05,0.00012465719272002
"Otu2669",0.00012465719272002,0.000128628392573854,0.000177132229209105,8.12743823146944e-05,8.79933125082494e-05,0.00012577561630052
"Otu1623",0.000209626027167533,0.00012465719272002,8.57522617159028e-05,0,0.000121911573472042,8.79933125082494e-05
"Otu2330",0.000219983281270623,0.00012577561630052,0.00012465719272002,0.000214380654289757,0.000177132229209105,0
"Otu5476",4.06371911573472e-05,4.39966562541247e-05,0.00012577561630052,8.310479514668e-05,4.28761308579514e-05,8.85661146045523e-05
"Otu2349",4.42830573022761e-05,0,4.39966562541247e-05,4.19252054335066e-05,4.155239757334e-05,4.28761308579514e-05
"Otu1790",4.28761308579514e-05,0,0.000121911573472042,0.000351973250032998,8.38504108670133e-05,8.310479514668e-05
"Otu1284",0.00024931438544004,0.000128628392573854,0.000177132229209105,0,0.000219983281270623,4.19252054335066e-05
"Otu3888",4.19252054335066e-05,0,4.28761308579514e-05,0.000177132229209105,8.12743823146944e-05,4.39966562541247e-05
"Otu1423",0.000131989968762374,0,4.155239757334e-05,4.28761308579514e-05,8.85661146045523e-05,8.12743823146944e-05
"Otu669",0.000121911573472042,8.79933125082494e-05,0.00012577561630052,8.310479514668e-05,0,4.42830573022761e-05
"Otu3412",4.42830573022761e-05,0.000121911573472042,8.79933125082494e-05,4.19252054335066e-05,0,4.28761308579514e-05
"Otu1068",8.57522617159028e-05,0,4.06371911573472e-05,4.39966562541247e-05,8.38504108670133e-05,4.155239757334e-05
"Otu2293",4.155239757334e-05,0.000214380654289757,4.42830573022761e-05,4.06371911573472e-05,8.79933125082494e-05,8.38504108670133e-05
"Otu4571",4.19252054335066e-05,4.155239757334e-05,0.000128628392573854,8.85661146045523e-05,4.06371911573472e-05,8.79933125082494e-05
"Otu1554",0.000307976593778873,8.38504108670133e-05,0.00024931438544004,0.00030013291600566,0.000265698343813657,0.000121911573472042
"Otu1307",0.000121911573472042,0.000351973250032998,0.000167700821734027,0.00012465719272002,8.57522617159028e-05,0.000132849171906828
"Otu3381",4.42830573022761e-05,0,4.39966562541247e-05,4.19252054335066e-05,4.155239757334e-05,8.57522617159028e-05
"Otu3502",4.28761308579514e-05,4.42830573022761e-05,4.06371911573472e-05,8.79933125082494e-05,4.19252054335066e-05,0
"Otu2528",0.00012465719272002,4.28761308579514e-05,0.000177132229209105,4.06371911573472e-05,4.39966562541247e-05,0
"Otu925",4.19252054335066e-05,0,8.57522617159028e-05,4.42830573022761e-05,4.06371911573472e-05,4.39966562541247e-05
"Otu1635",8.79933125082494e-05,0,0.0002077619878667,0.000128628392573854,4.42830573022761e-05,0.000203185955786736
"Otu4420",8.12743823146944e-05,0,8.38504108670133e-05,4.155239757334e-05,0.000128628392573854,8.85661146045523e-05
"Otu2335",4.42830573022761e-05,4.06371911573472e-05,4.39966562541247e-05,8.38504108670133e-05,4.155239757334e-05,0.000128628392573854
"Otu1818",4.28761308579514e-05,0,4.06371911573472e-05,4.39966562541247e-05,4.19252054335066e-05,4.155239757334e-05
"Otu4930",8.310479514668e-05,4.28761308579514e-05,0.000132849171906828,0,8.79933125082494e-05,0.000167700821734027
"Otu5728",8.38504108670133e-05,0,8.57522617159028e-05,4.42830573022761e-05,8.12743823146944e-05,0.000175986625016499
"Otu412",0.000263979937524748,0.000209626027167533,0.00045707637330674,0.00094327487887493,0.000797095031440971,0.000406371911573472
"Otu680",0.000121911573472042,0,8.38504108670133e-05,0.00029086678301338,0.000171504523431806,0.000177132229209105
"Otu1178",0,8.12743823146944e-05,4.39966562541247e-05,8.38504108670133e-05,8.310479514668e-05,8.57522617159028e-05
"Otu853",8.57522617159028e-05,0,8.12743823146944e-05,0.000131989968762374,4.19252054335066e-05,0.00012465719272002
"Otu4874",0.00012465719272002,4.28761308579514e-05,8.85661146045523e-05,8.12743823146944e-05,0,8.38504108670133e-05
"Otu2134",4.19252054335066e-05,4.155239757334e-05,4.28761308579514e-05,0,8.12743823146944e-05,8.79933125082494e-05
"Otu3539",0.000131989968762374,4.19252054335066e-05,4.155239757334e-05,0.000171504523431806,0,8.12743823146944e-05
"Otu886",0.000243823146944083,0.000219983281270623,4.19252054335066e-05,4.155239757334e-05,4.28761308579514e-05,8.85661146045523e-05
"Otu4140",0.000177132229209105,0.00028446033810143,0.000219983281270623,4.19252054335066e-05,0.00012465719272002,0.000171504523431806
"Otu1435",0.000171504523431806,0,0.000365734720416125,8.79933125082494e-05,4.19252054335066e-05,4.155239757334e-05
"Otu1043",0.00033241918058672,0.000600265832011319,0.000265698343813657,0.000162548764629389,0.000263979937524748,0.000293476438034546
"Otu1506",0.000167700821734027,8.310479514668e-05,0.000128628392573854,4.42830573022761e-05,8.12743823146944e-05,0.000219983281270623
"Otu2549",8.79933125082494e-05,8.38504108670133e-05,0.0002077619878667,0.000171504523431806,0.000177132229209105,0.000203185955786736
"Otu3309",0.000203185955786736,4.39966562541247e-05,4.19252054335066e-05,0,4.28761308579514e-05,0.000309981401115933
"Otu1429",8.85661146045523e-05,0,4.39966562541247e-05,8.38504108670133e-05,4.155239757334e-05,8.57522617159028e-05
"Otu1560",4.28761308579514e-05,0,0.000121911573472042,0.000175986625016499,0.00012577561630052,0.00012465719272002
"Otu1620",0.00024931438544004,4.28761308579514e-05,0.000177132229209105,0.000121911573472042,0,0.000167700821734027
"Otu1783",0.00012577561630052,0.00016620959029336,4.28761308579514e-05,0.000132849171906828,8.12743823146944e-05,0
"Otu3295",8.79933125082494e-05,0,4.155239757334e-05,8.57522617159028e-05,4.42830573022761e-05,4.06371911573472e-05
"Otu827",0.000243823146944083,0.000175986625016499,0.000209626027167533,0.00016620959029336,0.000128628392573854,0.000177132229209105
"Otu2094",4.42830573022761e-05,0,8.79933125082494e-05,4.19252054335066e-05,4.155239757334e-05,0.000128628392573854
"Otu1466",0.000214380654289757,0.000265698343813657,8.12743823146944e-05,0.000131989968762374,0.000167700821734027,0
"Otu920",4.155239757334e-05,0,8.85661146045523e-05,8.12743823146944e-05,4.39966562541247e-05,4.19252054335066e-05
"Otu1283",4.19252054335066e-05,0,8.57522617159028e-05,4.42830573022761e-05,4.06371911573472e-05,4.39966562541247e-05
"Otu903",4.39966562541247e-05,0,4.155239757334e-05,0.00030013291600566,0.000132849171906828,4.06371911573472e-05
"Otu1337",0.000162548764629389,0,0.000167700821734027,8.310479514668e-05,8.57522617159028e-05,0.000221415286511381
"Otu1676",8.85661146045523e-05,8.12743823146944e-05,0,8.38504108670133e-05,0.00016620959029336,8.57522617159028e-05
"Otu3312",4.28761308579514e-05,4.42830573022761e-05,4.06371911573472e-05,8.79933125082494e-05,0,4.155239757334e-05
"Otu1311",4.155239757334e-05,0,0.000132849171906828,8.12743823146944e-05,8.79933125082494e-05,0.000167700821734027
"Otu918",0.000419252054335066,0.00049862877088008,0.000428761308579514,0.000487113630325038,0.000203185955786736,0.000395969906287122
"Otu718",4.39966562541247e-05,0,0.00012465719272002,8.57522617159028e-05,0.000132849171906828,0.000243823146944083
"Otu1123",0.00028446033810143,0,0.00025155123260104,0.00012465719272002,4.28761308579514e-05,4.42830573022761e-05
"Otu3272",0,4.06371911573472e-05,4.39966562541247e-05,8.38504108670133e-05,4.155239757334e-05,8.57522617159028e-05
"Otu3336",8.57522617159028e-05,4.42830573022761e-05,4.06371911573472e-05,0,4.19252054335066e-05,0.00012465719272002
"Otu1974",8.310479514668e-05,0,8.85661146045523e-05,0.000121911573472042,0.000131989968762374,0.000209626027167533
"Otu2318",8.38504108670133e-05,0,4.28761308579514e-05,0.000221415286511381,4.06371911573472e-05,0.000175986625016499
"Otu2614",0.000175986625016499,4.19252054335066e-05,0,8.57522617159028e-05,4.42830573022761e-05,4.06371911573472e-05
"Otu1702",4.06371911573472e-05,8.79933125082494e-05,4.19252054335066e-05,8.310479514668e-05,4.28761308579514e-05,4.42830573022761e-05
"Otu898",0.000354264458418209,0.000772106631989597,0.000395969906287122,0.000209626027167533,0.00049862877088008,0.000214380654289757
"Otu5439",0.000214380654289757,4.42830573022761e-05,0.000243823146944083,0.000175986625016499,0.00012577561630052,0.00012465719272002
"Otu1150",4.155239757334e-05,4.28761308579514e-05,4.42830573022761e-05,8.12743823146944e-05,0,0.000167700821734027
"Otu452",0.000167700821734027,0,0.000257256785147708,8.85661146045523e-05,4.06371911573472e-05,4.39966562541247e-05
"Otu1424",0.000131989968762374,8.38504108670133e-05,8.310479514668e-05,8.57522617159028e-05,8.85661146045523e-05,0.000203185955786736
"Otu4698",0.000121911573472042,0,4.19252054335066e-05,8.310479514668e-05,8.57522617159028e-05,0.000177132229209105
"Otu4183",4.42830573022761e-05,0.000121911573472042,4.39966562541247e-05,0.00012577561630052,8.310479514668e-05,0
"Otu1445",0.000128628392573854,8.85661146045523e-05,0.000121911573472042,0,4.19252054335066e-05,4.155239757334e-05
"Otu1960",4.155239757334e-05,4.28761308579514e-05,4.42830573022761e-05,4.06371911573472e-05,0,4.19252054335066e-05
"Otu1693",0,8.310479514668e-05,4.28761308579514e-05,8.85661146045523e-05,8.12743823146944e-05,4.39966562541247e-05
"Otu343",0.000131989968762374,0.00012577561630052,0.0002077619878667,8.57522617159028e-05,0,0.000243823146944083
"Otu7430",8.12743823146944e-05,4.39966562541247e-05,0,4.155239757334e-05,0.000128628392573854,0.000132849171906828
"Otu3127",0.000132849171906828,4.06371911573472e-05,0,0.000167700821734027,8.310479514668e-05,8.57522617159028e-05
"Otu2107",4.28761308579514e-05,8.85661146045523e-05,0.000121911573472042,4.39966562541247e-05,0,8.310479514668e-05
"Otu3966",0.0002077619878667,0,8.85661146045523e-05,0.000121911573472042,4.39966562541247e-05,8.38504108670133e-05
"Otu2786",4.19252054335066e-05,0,4.28761308579514e-05,4.42830573022761e-05,4.06371911573472e-05,8.79933125082494e-05
"Otu3109",4.39966562541247e-05,8.38504108670133e-05,4.155239757334e-05,4.28761308579514e-05,0,4.06371911573472e-05
"Otu812",4.06371911573472e-05,8.79933125082494e-05,4.19252054335066e-05,8.310479514668e-05,8.57522617159028e-05,4.42830573022761e-05
"Otu1599",0,4.06371911573472e-05,0.000175986625016499,0.00012577561630052,0.00012465719272002,0.000171504523431806
"Otu1717",4.28761308579514e-05,8.85661146045523e-05,4.06371911573472e-05,0,0.000167700821734027,8.310479514668e-05
"Otu2850",0.00016620959029336,0.000171504523431806,0,0.000121911573472042,4.39966562541247e-05,0.00012577561630052
"Otu1037",0,0.00016620959029336,8.57522617159028e-05,0.000132849171906828,8.12743823146944e-05,0.000131989968762374
"Otu1509",0,4.19252054335066e-05,0.00024931438544004,0.000128628392573854,0.000265698343813657,8.12743823146944e-05
"Otu1774",0.000121911573472042,0.000307976593778873,4.19252054335066e-05,0,8.57522617159028e-05,4.42830573022761e-05
"Otu1991",0.000177132229209105,4.06371911573472e-05,0,0.000293476438034546,0.0002077619878667,4.28761308579514e-05
"Otu5017",0.000171504523431806,0.000221415286511381,8.12743823146944e-05,8.79933125082494e-05,0,0.00016620959029336
"Otu1882",8.310479514668e-05,0,8.85661146045523e-05,8.12743823146944e-05,4.39966562541247e-05,8.38504108670133e-05
"Otu1543",8.38504108670133e-05,8.310479514668e-05,4.28761308579514e-05,4.42830573022761e-05,4.06371911573472e-05,0
"Otu477",4.39966562541247e-05,4.19252054335066e-05,4.155239757334e-05,4.28761308579514e-05,4.42830573022761e-05,0.000325097529258778
"Otu2735",0,4.39966562541247e-05,0.000167700821734027,8.310479514668e-05,0.000214380654289757,4.42830573022761e-05
"Otu1146",0.000177132229209105,0,4.39966562541247e-05,8.38504108670133e-05,0.00012465719272002,4.28761308579514e-05
"Otu2164",4.28761308579514e-05,4.42830573022761e-05,4.06371911573472e-05,4.39966562541247e-05,0,4.155239757334e-05
"Otu1152",0.00024931438544004,0.000257256785147708,0.000442830573022761,0.000243823146944083,8.79933125082494e-05,0.000209626027167533
"Otu2240",0.000209626027167533,0.00012465719272002,8.57522617159028e-05,8.85661146045523e-05,8.12743823146944e-05,0.000219983281270623
"Otu1979",8.79933125082494e-05,4.19252054335066e-05,4.155239757334e-05,4.28761308579514e-05,0,0.000203185955786736
"Otu3453",0.000162548764629389,8.79933125082494e-05,0.00012577561630052,0.00016620959029336,0.00030013291600566,0.000132849171906828
"Otu1443",0.000398547515720485,0.000325097529258778,0.000703946500065995,0.00037732684890156,0.00012465719272002,0.000643141962869271
"Otu3790",4.28761308579514e-05,4.42830573022761e-05,0,4.39966562541247e-05,4.19252054335066e-05,4.155239757334e-05
"Otu2415",4.155239757334e-05,0.000128628392573854,0,4.06371911573472e-05,8.79933125082494e-05,4.19252054335066e-05
"Otu1705",0,4.155239757334e-05,4.28761308579514e-05,8.85661146045523e-05,0.000162548764629389,4.39966562541247e-05
"Otu3225",8.79933125082494e-05,0,8.310479514668e-05,8.57522617159028e-05,8.85661146045523e-05,4.06371911573472e-05
"Otu1378",8.12743823146944e-05,4.39966562541247e-05,8.38504108670133e-05,4.155239757334e-05,4.28761308579514e-05,0.000221415286511381
"Otu3632",0,4.06371911573472e-05,8.79933125082494e-05,4.19252054335066e-05,8.310479514668e-05,8.57522617159028e-05
"Otu2744",0.000171504523431806,0,4.06371911573472e-05,4.39966562541247e-05,8.38504108670133e-05,4.155239757334e-05
"Otu1478",0.00012465719272002,0.000214380654289757,4.42830573022761e-05,8.12743823146944e-05,4.39966562541247e-05,0
"Otu1004",0.000167700821734027,0.00016620959029336,4.28761308579514e-05,0.000132849171906828,0.000203185955786736,0.000219983281270623
"Otu2385",4.39966562541247e-05,4.19252054335066e-05,4.155239757334e-05,4.28761308579514e-05,4.42830573022761e-05,4.06371911573472e-05
"Otu1164",0,8.79933125082494e-05,4.19252054335066e-05,4.155239757334e-05,0.000171504523431806,8.85661146045523e-05
"Otu2373",0.000132849171906828,0,0.000131989968762374,0.000209626027167533,0.00012465719272002,8.57522617159028e-05
"Otu1266",4.28761308579514e-05,4.42830573022761e-05,4.06371911573472e-05,8.79933125082494e-05,0,4.155239757334e-05
"Otu4261",0.00024931438544004,4.28761308579514e-05,0,8.12743823146944e-05,8.79933125082494e-05,4.19252054335066e-05
"Otu2180",8.38504108670133e-05,0.00016620959029336,4.28761308579514e-05,0.000177132229209105,8.12743823146944e-05,0
"Otu4005",0,0.000167700821734027,8.310479514668e-05,8.57522617159028e-05,8.85661146045523e-05,8.12743823146944e-05
"Otu2893",4.06371911573472e-05,8.79933125082494e-05,4.19252054335066e-05,0.00012465719272002,0.000128628392573854,0
"Otu1084",8.85661146045523e-05,0,8.79933125082494e-05,4.19252054335066e-05,0.0002077619878667,4.28761308579514e-05
"Otu4390",8.57522617159028e-05,0,4.06371911573472e-05,8.79933125082494e-05,4.19252054335066e-05,4.155239757334e-05
"Otu1532",8.310479514668e-05,4.28761308579514e-05,4.42830573022761e-05,0,8.79933125082494e-05,8.38504108670133e-05
"Otu2272",0,4.155239757334e-05,0.000171504523431806,4.42830573022761e-05,0.000162548764629389,4.39966562541247e-05
"Otu2103",0.000351973250032998,4.19252054335066e-05,0.00016620959029336,0.000171504523431806,0.000132849171906828,4.06371911573472e-05
"Otu3004",0,8.79933125082494e-05,4.19252054335066e-05,4.155239757334e-05,4.28761308579514e-05,4.42830573022761e-05
"Otu4686",8.85661146045523e-05,0,8.79933125082494e-05,4.19252054335066e-05,8.310479514668e-05,8.57522617159028e-05
"Otu1956",4.28761308579514e-05,0,4.06371911573472e-05,4.39966562541247e-05,0.00012577561630052,4.155239757334e-05
"Otu1216",0,8.57522617159028e-05,8.85661146045523e-05,8.12743823146944e-05,0.000351973250032998,8.38504108670133e-05
"Otu1525",0.000167700821734027,8.310479514668e-05,0.000128628392573854,0.000221415286511381,0.000121911573472042,0.000131989968762374
"Otu1448",0.000131989968762374,0,4.155239757334e-05,0.000128628392573854,0.000398547515720485,4.06371911573472e-05
"Otu3937",4.06371911573472e-05,0,4.19252054335066e-05,8.310479514668e-05,4.28761308579514e-05,4.42830573022761e-05
"Otu1462",0.000177132229209105,0.000162548764629389,0.000131989968762374,0.00012577561630052,4.155239757334e-05,0.000214380654289757
"Otu584",0.000128628392573854,0,0.000203185955786736,8.79933125082494e-05,8.38504108670133e-05,0.00024931438544004
"Otu3676",0.00016620959029336,8.57522617159028e-05,0,4.06371911573472e-05,4.39966562541247e-05,0.00012577561630052
"Otu1546",0.000209626027167533,0.00016620959029336,4.28761308579514e-05,4.42830573022761e-05,0.000203185955786736,0.000263979937524748
"Otu2015",0,4.19252054335066e-05,0.00012465719272002,4.28761308579514e-05,4.42830573022761e-05,0.000121911573472042
"Otu6230",0,0.000175986625016499,4.19252054335066e-05,8.310479514668e-05,8.57522617159028e-05,4.42830573022761e-05
"Otu3273",4.42830573022761e-05,4.06371911573472e-05,4.39966562541247e-05,4.19252054335066e-05,4.155239757334e-05,0.000128628392573854
"Otu1634",0.000128628392573854,0,0.000121911573472042,0.000131989968762374,8.38504108670133e-05,0.00012465719272002
"Otu1755",0.00012465719272002,4.28761308579514e-05,8.85661146045523e-05,0.000203185955786736,8.79933125082494e-05,0
"Otu2289",4.19252054335066e-05,4.155239757334e-05,0.000171504523431806,4.42830573022761e-05,8.12743823146944e-05,0
"Otu2050",4.39966562541247e-05,0,0.00012465719272002,4.28761308579514e-05,4.42830573022761e-05,0.000162548764629389
"Otu1301",8.12743823146944e-05,0.000131989968762374,4.19252054335066e-05,8.310479514668e-05,8.57522617159028e-05,0
"Otu6455",0.000265698343813657,0.000203185955786736,0.000395969906287122,0.00025155123260104,8.310479514668e-05,0.000428761308579514
"Otu257",0.000343009046863611,0.000132849171906828,0.000203185955786736,0.000395969906287122,0.000335401643468053,0.0002077619878667
"Otu1833",4.155239757334e-05,4.28761308579514e-05,4.42830573022761e-05,0.000121911573472042,4.39966562541247e-05,0.000167700821734027
"Otu1912",8.38504108670133e-05,4.155239757334e-05,8.57522617159028e-05,0.000177132229209105,0,8.79933125082494e-05
"Otu4899",4.39966562541247e-05,0,8.310479514668e-05,4.28761308579514e-05,4.42830573022761e-05,0.000162548764629389
"Otu6790",4.06371911573472e-05,0,0.000167700821734027,0.00012465719272002,8.57522617159028e-05,0.000132849171906828
"Otu2936",4.42830573022761e-05,0.000203185955786736,4.39966562541247e-05,4.19252054335066e-05,8.310479514668e-05,8.57522617159028e-05
"Otu1563",4.28761308579514e-05,4.42830573022761e-05,0,0.000131989968762374,8.38504108670133e-05,8.310479514668e-05
"Otu1758",0.00012465719272002,4.28761308579514e-05,4.42830573022761e-05,8.12743823146944e-05,0,8.38504108670133e-05
"Otu2997",8.38504108670133e-05,4.155239757334e-05,8.57522617159028e-05,4.42830573022761e-05,4.06371911573472e-05,4.39966562541247e-05
"Otu4066",4.39966562541247e-05,8.38504108670133e-05,0.00012465719272002,4.28761308579514e-05,4.42830573022761e-05,4.06371911573472e-05
"Otu1521",4.06371911573472e-05,4.39966562541247e-05,4.19252054335066e-05,0,4.28761308579514e-05,8.85661146045523e-05
"Otu2145",8.85661146045523e-05,0.000121911573472042,0,8.38504108670133e-05,8.310479514668e-05,8.57522617159028e-05
"Otu1319",0.000128628392573854,4.42830573022761e-05,8.12743823146944e-05,0.000131989968762374,0.00037732684890156,8.310479514668e-05
"Otu3748",4.155239757334e-05,4.28761308579514e-05,4.42830573022761e-05,8.12743823146944e-05,4.39966562541247e-05,0.00012577561630052
"Otu5095",4.19252054335066e-05,0,0.000128628392573854,4.42830573022761e-05,8.12743823146944e-05,8.79933125082494e-05
"Otu2435",0,0.000586952876069093,0.00016620959029336,0.000171504523431806,0.000309981401115933,0.000162548764629389
"Otu1160",0,4.39966562541247e-05,0.000167700821734027,4.155239757334e-05,8.57522617159028e-05,4.42830573022761e-05
"Otu1316",0.000177132229209105,8.12743823146944e-05,0.000131989968762374,0.000209626027167533,0.00012465719272002,0
"Otu1586",4.28761308579514e-05,4.42830573022761e-05,4.06371911573472e-05,0.000175986625016499,4.19252054335066e-05,0.00016620959029336
"Otu5643",0,4.28761308579514e-05,4.42830573022761e-05,8.12743823146944e-05,0.000131989968762374,4.19252054335066e-05
"Otu2742",4.19252054335066e-05,4.155239757334e-05,8.57522617159028e-05,0,4.06371911573472e-05,4.39966562541247e-05
"Otu1638",0.000219983281270623,0,4.155239757334e-05,0.000128628392573854,8.85661146045523e-05,0.000121911573472042
"Otu1275",4.06371911573472e-05,8.79933125082494e-05,4.19252054335066e-05,0.00016620959029336,0.000128628392573854,0
"Otu3564",4.42830573022761e-05,4.06371911573472e-05,8.79933125082494e-05,4.19252054335066e-05,4.155239757334e-05,4.28761308579514e-05
"Otu1273",8.57522617159028e-05,4.42830573022761e-05,8.12743823146944e-05,4.39966562541247e-05,4.19252054335066e-05,0.00024931438544004
"Otu1622",0.0002077619878667,4.28761308579514e-05,0,4.06371911573472e-05,4.39966562541247e-05,4.19252054335066e-05
"Otu1001",0.000293476438034546,0.00016620959029336,4.28761308579514e-05,0.000221415286511381,0.000203185955786736,0.000175986625016499
"Otu1602",0.000175986625016499,0,0.00012465719272002,0.000171504523431806,4.42830573022761e-05,8.12743823146944e-05
"Otu1920",4.06371911573472e-05,0,4.19252054335066e-05,0.00012465719272002,4.28761308579514e-05,4.42830573022761e-05
"Otu3694",0.000132849171906828,0,4.39966562541247e-05,8.38504108670133e-05,8.310479514668e-05,4.28761308579514e-05
"Otu1683",0,4.42830573022761e-05,8.12743823146944e-05,4.39966562541247e-05,8.38504108670133e-05,4.155239757334e-05
"Otu2148",4.155239757334e-05,4.28761308579514e-05,4.42830573022761e-05,4.06371911573472e-05,0,4.19252054335066e-05
"Otu1479",0.000167700821734027,4.155239757334e-05,0.000128628392573854,4.42830573022761e-05,8.12743823146944e-05,0
"Otu2700",0.000131989968762374,4.19252054335066e-05,4.155239757334e-05,8.57522617159028e-05,8.85661146045523e-05,4.06371911573472e-05
"Otu6489",0,4.39966562541247e-05,4.19252054335066e-05,4.155239757334e-05,0.000128628392573854,8.85661146045523e-05
"Otu2515",4.42830573022761e-05,4.06371911573472e-05,8.79933125082494e-05,4.19252054335066e-05,4.155239757334e-05,4.28761308579514e-05
"Otu1458",0.000128628392573854,4.42830573022761e-05,8.12743823146944e-05,0,4.19252054335066e-05,0.00012465719272002
"Otu985",4.155239757334e-05,0,0.000177132229209105,8.12743823146944e-05,8.79933125082494e-05,0.00012577561630052
"Otu1020",0.00025155123260104,0.00016620959029336,8.57522617159028e-05,4.42830573022761e-05,8.12743823146944e-05,8.79933125082494e-05
"Otu1260",8.79933125082494e-05,4.19252054335066e-05,8.310479514668e-05,0.000385885177721562,0.000442830573022761,8.12743823146944e-05
"Otu2512",8.12743823146944e-05,0.000175986625016499,4.19252054335066e-05,4.155239757334e-05,0,0.000177132229209105
"Otu1715",4.42830573022761e-05,0,0.000175986625016499,4.19252054335066e-05,4.155239757334e-05,4.28761308579514e-05
"Otu1565",0.000128628392573854,0,0.000121911573472042,8.79933125082494e-05,0.00012577561630052,4.155239757334e-05
"Otu4496",4.155239757334e-05,0.000128628392573854,0.000132849171906828,0,0.000219983281270623,0.00012577561630052
"Otu3809",0,4.155239757334e-05,4.28761308579514e-05,4.42830573022761e-05,8.12743823146944e-05,4.39966562541247e-05
"Otu3532",4.39966562541247e-05,4.19252054335066e-05,4.155239757334e-05,0.000128628392573854,0,4.06371911573472e-05
"Otu862",0.00028446033810143,0,0.000167700821734027,8.310479514668e-05,8.57522617159028e-05,0.000309981401115933
"Otu2221",4.42830573022761e-05,4.06371911573472e-05,4.39966562541247e-05,0,4.155239757334e-05,8.57522617159028e-05
"Otu2192",0.000171504523431806,4.42830573022761e-05,0.00028446033810143,4.39966562541247e-05,4.19252054335066e-05,0
"Otu2383",4.155239757334e-05,4.28761308579514e-05,0,0.000121911573472042,8.79933125082494e-05,8.38504108670133e-05
"Otu947",0,4.155239757334e-05,8.57522617159028e-05,4.42830573022761e-05,4.06371911573472e-05,8.79933125082494e-05
"Otu2862",4.39966562541247e-05,4.19252054335066e-05,4.155239757334e-05,8.57522617159028e-05,8.85661146045523e-05,0
"Otu1901",4.06371911573472e-05,0,4.19252054335066e-05,8.310479514668e-05,4.28761308579514e-05,8.85661146045523e-05
"Otu1737",4.42830573022761e-05,0,4.39966562541247e-05,8.38504108670133e-05,4.155239757334e-05,8.57522617159028e-05
"Otu1673",4.28761308579514e-05,0,8.12743823146944e-05,4.39966562541247e-05,8.38504108670133e-05,0.00016620959029336
"Otu2663",4.155239757334e-05,0,4.42830573022761e-05,0.000121911573472042,8.79933125082494e-05,4.19252054335066e-05
"Otu839",0.000167700821734027,0,0.000214380654289757,0.000309981401115933,0.000121911573472042,0.000263979937524748
"Otu2930",4.39966562541247e-05,4.19252054335066e-05,4.155239757334e-05,4.28761308579514e-05,4.42830573022761e-05,8.12743823146944e-05
"Otu4738",4.06371911573472e-05,4.39966562541247e-05,8.38504108670133e-05,0.0002077619878667,4.28761308579514e-05,0
"Otu850",0.000132849171906828,4.06371911573472e-05,8.79933125082494e-05,4.19252054335066e-05,8.310479514668e-05,8.57522617159028e-05
"Otu2854",4.28761308579514e-05,4.42830573022761e-05,4.06371911573472e-05,0,4.19252054335066e-05,8.310479514668e-05
"Otu788",4.155239757334e-05,0,4.42830573022761e-05,0.000203185955786736,4.39966562541247e-05,8.38504108670133e-05
"Otu2942",8.38504108670133e-05,4.155239757334e-05,8.57522617159028e-05,8.85661146045523e-05,4.06371911573472e-05,0
"Otu1939",8.79933125082494e-05,4.19252054335066e-05,8.310479514668e-05,0.000128628392573854,0.000132849171906828,0
"Otu2641",4.06371911573472e-05,0,4.19252054335066e-05,0.00012465719272002,4.28761308579514e-05,4.42830573022761e-05
"Otu3621",4.42830573022761e-05,4.06371911573472e-05,8.79933125082494e-05,0,4.155239757334e-05,4.28761308579514e-05
"Otu3691",4.28761308579514e-05,4.42830573022761e-05,4.06371911573472e-05,4.39966562541247e-05,0,4.155239757334e-05
"Otu1929",4.155239757334e-05,0,8.85661146045523e-05,4.06371911573472e-05,4.39966562541247e-05,0.000167700821734027
